scenario,mode,iteration,MAIZE_INT,MAIZE_LOW,ORCHARD,FALLOW,ACACIA,NATIVE_MIX,REGEN,PROTECT_STRICT,PROTECT_USE,awareness,awareness_sd,stewardship_share,sar_index,total_income_eur,price_scale,year,richness,richness_equilibrium,richness_FARMLAND,richness_FARMLAND_equilibrium,richness_PRODUCTION_FOREST,richness_PRODUCTION_FOREST_equilibrium,richness_PROTECTION_FOREST,richness_PROTECTION_FOREST_equilibrium,rd_divergence,rd_divergence_equilibrium,rd_dissimilarity,rd_dissimilarity_equilibrium,tree_occupancy,tree_occupancy_equilibrium
S0_BASELINE,uncoupled,0,4.16666,28.888351,58.2235419,7.7214279999999995,90.4608,386.83923599999997,14.700000000000001,11020.5,0,0.6350316017316017,0.16675684145156247,0.986836239790076,100.0,701203.0,,2025,,,,,,,,,,,,,,
S0_BASELINE,uncoupled,1,4.749993,29.708277,48.947882899999996,15.593798,85.6843433,366.77872,39.53712,11020.5,0,0.6350642034632035,0.1497578693158225,0.9879961919141292,100.02765527734465,709773.0,,2026,,,,,,,,,,,,,,
S0_BASELINE,uncoupled,2,4.666659999999999,30.220592,42.886558199999996,21.226141,80.42215159999999,349.15103,62.42700000000001,11020.5,0,0.6350840476190477,0.135496742080527,0.9889785670812251,100.05145633304076,716918.0,,2027,,,,,,,,,,,,,,
S0_BASELINE,uncoupled,3,4.666659999999999,30.449307,38.0274444,25.856541,75.3743224,332.98681999999997,83.638975,11020.5,0,0.6350939653679654,0.12352787643766407,0.9898317679808588,100.07258577745766,723718.0,,2028,,,,,,,,,,,,,,
S0_BASELINE,uncoupled,4,4.416660299999999,31.6086382,34.1650148,28.809641,70.0241676,318.92273,103.052957642,11020.5,0,0.6350962380952381,0.1134776950585426,0.9906466998681127,100.09070227457313,730614.0,,2029,,,,,,,,,,,,,,
S0_BASELINE,uncoupled,5,5.4999899999999995,31.0206137,31.9758655,30.503484000000004,64.72054625999999,306.182329,121.09712119999999,11020.5,0,0.6350928744588745,0.10503313940548063,0.9911986907632039,100.10596288123732,737331.0,,2030,,,,,,,,,,,,,,
S0_BASELINE,uncoupled,6,5.4999899999999995,31.1297328,32.116745800000004,30.253484000000004,58.64320987,295.566072,137.790706,11020.5,0,0.6350851948051948,0.09793208376359236,0.9917099473656714,100.11866598408406,743448.0,,2031,,,,,,,,,,,,,,
S0_BASELINE,uncoupled,7,5.4999899999999995,32.8266439,32.3126954,28.360627,53.23254128,285.60185,153.1656155,11020.5,0,0.635074632034632,0.09195526331669256,0.9921590468957939,100.12633222984743,750135.0,,2032,,,,,,,,,,,,,,
S0_BASELINE,uncoupled,8,6.2499899999999995,33.454163699999995,32.6851774,26.610627,47.0479471,277.514502,167.4375408,11020.5,0,0.6350618831168832,0.08691939267785,0.9925950036700633,100.13599379127291,756829.0,,2033,,,,,,,,,,,,,,
S0_BASELINE,uncoupled,9,5.9999899999999995,33.41384928,33.2254937,26.360627,40.70608394,247.10350499999998,204.190394,11020.5,0,0.6350478181818182,0.08267156869718734,0.993116172067956,100.1492614889041,765141.0,,2034,,,,,,,,,,,,,,
S0_BASELINE,uncoupled,10,5.7499899999999995,33.6058247,33.7835139,25.860627,34.57974619,246.07881,211.341459,11020.5,0,0.6350330086580086,0.07908411535672921,0.9936172544222159,100.16151070315212,771275.0,,2035,,,,,,,,,,,,,,
S0_BASELINE,uncoupled,11,5.7499899999999995,34.1986382,34.4407031,24.610627,28.325415579999998,242.72984,220.9447115,11020.5,0,0.6350178441558442,0.07605066137328946,0.9940992887120259,100.17240179091715,777210.0,,2036,,,,,,,,,,,,,,
S0_BASELINE,uncoupled,12,5.4999899999999995,33.8569665,35.1752418,24.467769999999998,22.664598023,239.5388,229.7965559,11020.5,0,0.6350025930735931,0.07348237812865334,0.9945450777033744,100.18440667852818,782875.0,,2037,,,,,,,,,,,,,,
S0_BASELINE,uncoupled,13,5.4999899999999995,34.6021937,35.6800059,23.21777,17.781738095,236.36981,237.848459,11020.5,0,0.6349877272727272,0.07130518258882233,0.9949221259816459,100.19230811608013,788985.0,,2038,,,,,,,,,,,,,,
S0_BASELINE,uncoupled,14,5.4999899999999995,34.5905126,36.4416874,22.46777,14.631969582,232.45996,244.9082365,11020.5,0,0.6349732337662338,0.06945730018305514,0.9951277917265038,100.19752683514396,794996.0,,2039,,,,,,,,,,,,,,
S0_BASELINE,uncoupled,15,5.4999899999999995,34.0186312,37.26356567,22.217769999999998,11.53175541,228.79839,251.66994899999997,11020.5,0,0.6349592597402598,0.06788697202429861,0.9953240054394166,100.20372350205862,801005.0,,2040,,,,,,,,,,,,,,
S0_BASELINE,uncoupled,16,6.166657,33.8016547,38.06388153,20.967769999999998,10.645988305,223.90642,257.4476605,11020.5,0,0.6349459393939394,0.06655090165910443,0.9952739502490116,100.20293160973051,807553.0,,2041,,,,,,,,,,,,,,
S0_BASELINE,uncoupled,17,6.166657,33.4801511,38.63537923,20.717769999999998,9.03271273,220.00193000000002,262.96538200000003,11020.5,0,0.6349333896103896,0.06541281223965013,0.9953636697202621,100.2058951575203,813749.0,,2042,,,,,,,,,,,,,,
S0_BASELINE,oneway,0,4.16666,28.888351,58.2235419,7.7214279999999995,90.4608,386.83923599999997,14.700000000000001,11020.5,0,0.6350316017316017,0.16675684145156247,0.986836239790076,100.0,701203.0,,2025,29.7797,29.7797,15.1922,15.1922,29.7551,29.7551,38.9184,38.9184,0.241031,0.241031,0.00891325,0.00891325,0.0630949,0.0630949
S0_BASELINE,oneway,1,4.749993,29.708277,48.947882899999996,15.593798,85.6843433,366.77872,39.53712,11020.5,0,0.6350642034632035,0.1497578693158225,0.9879961919141292,100.02765527734465,709773.0,,2026,29.813,29.9791,15.2522,15.594,29.785,29.9257,38.9345,39.0165,0.239947,0.23454,0.00892423,0.00897904,0.0631278,0.0633354
S0_BASELINE,oneway,2,4.666659999999999,30.220592,42.886558199999996,21.226141,80.42215159999999,349.15103,62.42700000000001,11020.5,0,0.6350840476190477,0.135496742080527,0.9889785670812251,100.05145633304076,716918.0,,2027,29.8712,30.1616,15.3548,15.9386,29.8402,30.0997,38.9626,39.1052,0.238355,0.230406,0.00893662,0.00899843,0.06319,0.0635821
S0_BASELINE,oneway,3,4.666659999999999,30.449307,38.0274444,25.856541,75.3743224,332.98681999999997,83.638975,11020.5,0,0.6350939653679654,0.12352787643766407,0.9898317679808588,100.07258577745766,723718.0,,2028,29.9464,30.3216,15.4855,16.23,29.914,30.2606,38.9988,39.1823,0.236459,0.226996,0.00894526,0.00898836,0.0632747,0.0638086
S0_BASELINE,oneway,4,4.416660299999999,31.6086382,34.1650148,28.809641,70.0241676,318.92273,103.052957642,11020.5,0,0.6350962380952381,0.1134776950585426,0.9906466998681127,100.09070227457313,730614.0,,2029,30.0281,30.436,15.6206,16.3901,30.0009,30.4096,39.0381,39.2378,0.234479,0.224601,0.00893254,0.0088691,0.063372,0.0639855
S0_BASELINE,oneway,5,5.4999899999999995,31.0206137,31.9758655,30.503484000000004,64.72054625999999,306.182329,121.09712119999999,11020.5,0,0.6350928744588745,0.10503313940548063,0.9911986907632039,100.10596288123732,737331.0,,2030,30.1081,30.5071,15.7439,16.4464,30.0949,30.5363,39.0762,39.2694,0.233378,0.227883,0.00889512,0.00870834,0.0634769,0.0641381
S0_BASELINE,oneway,6,5.4999899999999995,31.1297328,32.116745800000004,30.253484000000004,58.64320987,295.566072,137.790706,11020.5,0,0.6350851948051948,0.09793208376359236,0.9917099473656714,100.11866598408406,743448.0,,2031,30.1843,30.5651,15.8486,16.4446,30.1964,30.6735,39.1123,39.2954,0.233643,0.234963,0.0088236,0.00846666,0.0635887,0.064293
S0_BASELINE,oneway,7,5.4999899999999995,32.8266439,32.3126954,28.360627,53.23254128,285.60185,153.1656155,11020.5,0,0.635074632034632,0.09195526331669256,0.9921590468957939,100.12633222984743,750135.0,,2032,30.2446,30.5455,15.9085,16.2502,30.2966,30.7674,39.1409,39.2859,0.235115,0.242465,0.00870015,0.00808408,0.0636909,0.064335
S0_BASELINE,oneway,8,6.2499899999999995,33.454163699999995,32.6851774,26.610627,47.0479471,277.514502,167.4375408,11020.5,0,0.6350618831168832,0.08691939267785,0.9925950036700633,100.13599379127291,756829.0,,2033,30.2926,30.5319,15.9308,16.0575,30.3983,30.8765,39.1633,39.277,0.237958,0.252146,0.00854008,0.00774128,0.0637893,0.0644096
S0_BASELINE,oneway,9,5.9999899999999995,33.41384928,33.2254937,26.360627,40.70608394,247.10350499999998,204.190394,11020.5,0,0.6350478181818182,0.08267156869718734,0.993116172067956,100.1492614889041,765141.0,,2034,30.3449,30.6058,15.9545,16.0898,30.5079,31.023,39.188,39.3133,0.241664,0.260159,0.00832905,0.00727589,0.0638964,0.0645714
S0_BASELINE,oneway,10,5.7499899999999995,33.6058247,33.7835139,25.860627,34.57974619,246.07881,211.341459,11020.5,0,0.6350330086580086,0.07908411535672921,0.9936172544222159,100.16151070315212,771275.0,,2035,30.3983,30.6651,15.9747,16.0896,30.6229,31.1633,39.2128,39.3389,0.245841,0.266682,0.00813326,0.00715617,0.0640117,0.0647382
S0_BASELINE,oneway,11,5.7499899999999995,34.1986382,34.4407031,24.610627,28.325415579999998,242.72984,220.9447115,11020.5,0,0.6350178441558442,0.07605066137328946,0.9940992887120259,100.17240179091715,777210.0,,2036,30.4472,30.6913,15.9782,15.9982,30.7403,31.292,39.2352,39.3489,0.250671,0.274777,0.00793451,0.00694263,0.0641284,0.0648643
S0_BASELINE,oneway,12,5.4999899999999995,33.8569665,35.1752418,24.467769999999998,22.664598023,239.5388,229.7965559,11020.5,0,0.6350025930735931,0.07348237812865334,0.9945450777033744,100.18440667852818,782875.0,,2037,30.5002,30.7648,15.9887,16.0487,30.8611,31.4288,39.2593,39.3814,0.255726,0.280955,0.00775255,0.0068445,0.0642537,0.0650435
S0_BASELINE,oneway,13,5.4999899999999995,34.6021937,35.6800059,23.21777,17.781738095,236.36981,237.848459,11020.5,0,0.6349877272727272,0.07130518258882233,0.9949221259816459,100.19230811608013,788985.0,,2038,30.5458,30.7732,15.9821,15.9445,30.9775,31.5245,39.2798,39.3838,0.261052,0.287632,0.00756827,0.00664861,0.064373,0.0651251
S0_BASELINE,oneway,14,5.4999899999999995,34.5905126,36.4416874,22.46777,14.631969582,232.45996,244.9082365,11020.5,0,0.6349732337662338,0.06945730018305514,0.9951277917265038,100.19752683514396,794996.0,,2039,30.5865,30.7898,15.9711,15.9084,31.085,31.5901,39.298,39.3905,0.266336,0.292707,0.00739383,0.00652326,0.0644856,0.0651953
S0_BASELINE,oneway,15,5.4999899999999995,34.0186312,37.26356567,22.217769999999998,11.53175541,228.79839,251.66994899999997,11020.5,0,0.6349592597402598,0.06788697202429861,0.9953240054394166,100.20372350205862,801005.0,,2040,30.627,30.8289,15.9657,15.9345,31.1865,31.6638,39.316,39.4075,0.271496,0.297243,0.00723613,0.00644911,0.0645966,0.0652961
S0_BASELINE,oneway,16,6.166657,33.8016547,38.06388153,20.967769999999998,10.645988305,223.90642,257.4476605,11020.5,0,0.6349459393939394,0.06655090165910443,0.9952739502490116,100.20293160973051,807553.0,,2041,30.6542,30.7896,15.9425,15.8108,31.27,31.6622,39.3279,39.388,0.276586,0.301987,0.00707982,0.00629977,0.0646885,0.0652677
S0_BASELINE,oneway,17,6.166657,33.4801511,38.63537923,20.717769999999998,9.03271273,220.00193000000002,262.96538200000003,11020.5,0,0.6349333896103896,0.06541281223965013,0.9953636697202621,100.2058951575203,813749.0,,2042,30.6798,30.8078,15.924,15.8185,31.3453,31.6993,39.3391,39.396,0.281272,0.304661,0.00693861,0.00623388,0.0647745,0.0653167
S0_BASELINE,twoway,0,4.16666,28.888351,58.2235419,7.7214279999999995,90.4608,386.83923599999997,14.700000000000001,11020.5,0,0.6350316017316017,0.16675684145156247,0.986836239790076,100.0,701203.0,,2025,29.7797,29.7797,15.1922,15.1922,29.7551,29.7551,38.9184,38.9184,0.241031,0.241031,0.00891325,0.00891325,0.0630949,0.0630949
S0_BASELINE,twoway,1,4.749993,29.708277,48.947882899999996,15.593798,85.6843433,366.77872,39.53712,11020.5,0,0.6350642034632035,0.1497578693158225,0.9879961919141292,100.02765527734465,709773.0,,2026,29.813,29.9791,15.2522,15.594,29.785,29.9257,38.9345,39.0165,0.239947,0.23454,0.00892423,0.00897904,0.0631278,0.0633354
S0_BASELINE,twoway,2,4.666659999999999,30.220592,42.886558199999996,21.226141,80.42215159999999,349.15103,62.42700000000001,11020.5,0,0.6350840476190477,0.135496742080527,0.9889785670812251,100.05145633304076,716918.0,,2027,29.8712,30.1616,15.3548,15.9386,29.8402,30.0997,38.9626,39.1052,0.238355,0.230406,0.00893662,0.00899843,0.06319,0.0635821
S0_BASELINE,twoway,3,4.666659999999999,30.449307,38.0274444,25.856541,75.3743224,332.98681999999997,83.638975,11020.5,0,0.6350939653679654,0.12352787643766407,0.9898317679808588,100.07258577745766,723718.0,,2028,29.9464,30.3216,15.4855,16.23,29.914,30.2606,38.9988,39.1823,0.236459,0.226996,0.00894526,0.00898836,0.0632747,0.0638086
S0_BASELINE,twoway,4,4.416660299999999,31.6086382,34.1650148,28.809641,70.0241676,318.92273,103.052957642,11020.5,0,0.6350962380952381,0.1134776950585426,0.9906466998681127,100.09070227457313,730614.0,,2029,30.0281,30.436,15.6206,16.3901,30.0009,30.4096,39.0381,39.2378,0.234479,0.224601,0.00893254,0.0088691,0.063372,0.0639855
S0_BASELINE,twoway,5,5.4999899999999995,31.0206137,31.9758655,30.503484000000004,64.72054625999999,306.182329,121.09712119999999,11020.5,0,0.6350928744588745,0.10503313940548063,0.9911986907632039,100.10596288123732,737331.0,,2030,30.1081,30.5071,15.7439,16.4464,30.0949,30.5363,39.0762,39.2694,0.233378,0.227883,0.00889512,0.00870834,0.0634769,0.0641381
S0_BASELINE,twoway,6,5.4999899999999995,31.1297328,32.116745800000004,30.253484000000004,58.64320987,295.566072,137.790706,11020.5,0,0.6350851948051948,0.09793208376359236,0.9917099473656714,100.11866598408406,743448.0,,2031,30.1843,30.5651,15.8486,16.4446,30.1964,30.6735,39.1123,39.2954,0.233643,0.234963,0.0088236,0.00846666,0.0635887,0.064293
S0_BASELINE,twoway,7,5.4999899999999995,32.8266439,32.3126954,28.360627,53.23254128,285.60185,153.1656155,11020.5,0,0.635074632034632,0.09195526331669256,0.9921590468957939,100.12633222984743,750135.0,,2032,30.2446,30.5455,15.9085,16.2502,30.2966,30.7674,39.1409,39.2859,0.235115,0.242465,0.00870015,0.00808408,0.0636909,0.064335
S0_BASELINE,twoway,8,6.2499899999999995,33.454163699999995,32.6851774,26.610627,47.0479471,277.514502,167.4375408,11020.5,0,0.6350618831168832,0.08691939267785,0.9925950036700633,100.13599379127291,756829.0,,2033,30.2926,30.5319,15.9308,16.0575,30.3983,30.8765,39.1633,39.277,0.237958,0.252146,0.00854008,0.00774128,0.0637893,0.0644096
S0_BASELINE,twoway,9,5.9999899999999995,33.41384928,33.2254937,26.360627,40.70608394,247.10350499999998,204.190394,11020.5,0,0.6350478181818182,0.08267156869718734,0.993116172067956,100.1492614889041,765141.0,,2034,30.3449,30.6058,15.9545,16.0898,30.5079,31.023,39.188,39.3133,0.241664,0.260159,0.00832905,0.00727589,0.0638964,0.0645714
S0_BASELINE,twoway,10,5.7499899999999995,33.6058247,33.7835139,25.860627,34.57974619,246.07881,211.341459,11020.5,0,0.6350330086580086,0.07908411535672921,0.9936172544222159,100.16151070315212,771275.0,,2035,30.3983,30.6651,15.9747,16.0896,30.6229,31.1633,39.2128,39.3389,0.245841,0.266682,0.00813326,0.00715617,0.0640117,0.0647382
S0_BASELINE,twoway,11,5.7499899999999995,34.1986382,34.4407031,24.610627,28.325415579999998,242.72984,220.9447115,11020.5,0,0.6350178441558442,0.07605066137328946,0.9940992887120259,100.17240179091715,777210.0,,2036,30.4472,30.6913,15.9782,15.9982,30.7403,31.292,39.2352,39.3489,0.250671,0.274777,0.00793451,0.00694263,0.0641284,0.0648643
S0_BASELINE,twoway,12,5.4999899999999995,33.8569665,35.1752418,24.467769999999998,22.664598023,239.5388,229.7965559,11020.5,0,0.6350025930735931,0.07348237812865334,0.9945450777033744,100.18440667852818,782875.0,,2037,30.5002,30.7648,15.9887,16.0487,30.8611,31.4288,39.2593,39.3814,0.255726,0.280955,0.00775255,0.0068445,0.0642537,0.0650435
S0_BASELINE,twoway,13,5.4999899999999995,34.6021937,35.6800059,23.21777,17.781738095,236.36981,237.848459,11020.5,0,0.6349877272727272,0.07130518258882233,0.9949221259816459,100.19230811608013,788985.0,,2038,30.5458,30.7732,15.9821,15.9445,30.9775,31.5245,39.2798,39.3838,0.261052,0.287632,0.00756827,0.00664861,0.064373,0.0651251
S0_BASELINE,twoway,14,5.4999899999999995,34.5905126,36.4416874,22.46777,14.631969582,232.45996,244.9082365,11020.5,0,0.6349732337662338,0.06945730018305514,0.9951277917265038,100.19752683514396,794996.0,,2039,30.5865,30.7898,15.9711,15.9084,31.085,31.5901,39.298,39.3905,0.266336,0.292707,0.00739383,0.00652326,0.0644856,0.0651953
S0_BASELINE,twoway,15,5.4999899999999995,34.0186312,37.26356567,22.217769999999998,11.53175541,228.79839,251.66994899999997,11020.5,0,0.6349592597402598,0.06788697202429861,0.9953240054394166,100.20372350205862,801005.0,,2040,30.627,30.8289,15.9657,15.9345,31.1865,31.6638,39.316,39.4075,0.271496,0.297243,0.00723613,0.00644911,0.0645966,0.0652961
S0_BASELINE,twoway,16,6.166657,33.8016547,38.06388153,20.967769999999998,10.645988305,223.90642,257.4476605,11020.5,0,0.6349459393939394,0.06655090165910443,0.9952739502490116,100.20293160973051,807553.0,,2041,30.6542,30.7896,15.9425,15.8108,31.27,31.6622,39.3279,39.388,0.276586,0.301987,0.00707982,0.00629977,0.0646885,0.0652677
S0_BASELINE,twoway,17,6.166657,33.4801511,38.63537923,20.717769999999998,9.03271273,220.00193000000002,262.96538200000003,11020.5,0,0.6349333896103896,0.06541281223965013,0.9953636697202621,100.2058951575203,813749.0,,2042,30.6798,30.8078,15.924,15.8185,31.3453,31.6993,39.3391,39.396,0.281272,0.304661,0.00693861,0.00623388,0.0647745,0.0653167
S0_BASELINE,twoway_nolag,0,4.16666,28.888351,58.2235419,7.7214279999999995,90.4608,386.83923599999997,14.700000000000001,11020.5,0,0.6350316017316017,0.16675684145156247,0.986836239790076,100.0,701203.0,,2025,29.7797,29.7797,15.1922,15.1922,29.7551,29.7551,38.9184,38.9184,0.241031,0.241031,0.00891325,0.00891325,0.0630949,0.0630949
S0_BASELINE,twoway_nolag,1,4.749993,29.708277,48.947882899999996,15.593798,85.6843433,366.77872,39.53712,11020.5,0,0.6350642034632035,0.1497578693158225,0.9879961919141292,100.02765527734465,709773.0,,2026,29.9791,29.9791,15.594,15.594,29.9257,29.9257,39.0165,39.0165,0.23454,0.23454,0.00897904,0.00897904,0.0633354,0.0633354
S0_BASELINE,twoway_nolag,2,4.666659999999999,30.220592,42.886558199999996,21.226141,80.42215159999999,349.15103,62.42700000000001,11020.5,0,0.6350840476190477,0.135496742080527,0.9889785670812251,100.05145633304076,716918.0,,2027,30.1616,30.1616,15.9386,15.9386,30.0997,30.0997,39.1052,39.1052,0.230406,0.230406,0.00899843,0.00899843,0.0635821,0.0635821
S0_BASELINE,twoway_nolag,3,4.666659999999999,30.449307,38.0274444,25.856541,75.3743224,332.98681999999997,83.638975,11020.5,0,0.6350939653679654,0.12352787643766407,0.9898317679808588,100.07258577745766,723718.0,,2028,30.3216,30.3216,16.23,16.23,30.2606,30.2606,39.1823,39.1823,0.226996,0.226996,0.00898836,0.00898836,0.0638086,0.0638086
S0_BASELINE,twoway_nolag,4,4.416660299999999,31.6086382,34.1650148,28.809641,70.0241676,318.92273,103.052957642,11020.5,0,0.6350962380952381,0.1134776950585426,0.9906466998681127,100.09070227457313,730614.0,,2029,30.436,30.436,16.3901,16.3901,30.4096,30.4096,39.2378,39.2378,0.224601,0.224601,0.0088691,0.0088691,0.0639855,0.0639855
S0_BASELINE,twoway_nolag,5,5.4999899999999995,31.0206137,31.9758655,30.503484000000004,64.72054625999999,306.182329,121.09712119999999,11020.5,0,0.6350928744588745,0.10503313940548063,0.9911986907632039,100.10596288123732,737331.0,,2030,30.5071,30.5071,16.4464,16.4464,30.5363,30.5363,39.2694,39.2694,0.227883,0.227883,0.00870834,0.00870834,0.0641381,0.0641381
S0_BASELINE,twoway_nolag,6,5.4999899999999995,31.1297328,32.116745800000004,30.253484000000004,58.64320987,295.566072,137.790706,11020.5,0,0.6350851948051948,0.09793208376359236,0.9917099473656714,100.11866598408406,743448.0,,2031,30.5651,30.5651,16.4446,16.4446,30.6735,30.6735,39.2954,39.2954,0.234963,0.234963,0.00846666,0.00846666,0.064293,0.064293
S0_BASELINE,twoway_nolag,7,5.4999899999999995,32.8266439,32.3126954,28.360627,53.23254128,285.60185,153.1656155,11020.5,0,0.635074632034632,0.09195526331669256,0.9921590468957939,100.12633222984743,750135.0,,2032,30.5455,30.5455,16.2502,16.2502,30.7674,30.7674,39.2859,39.2859,0.242465,0.242465,0.00808408,0.00808408,0.064335,0.064335
S0_BASELINE,twoway_nolag,8,6.2499899999999995,33.454163699999995,32.6851774,26.610627,47.0479471,277.514502,167.4375408,11020.5,0,0.6350618831168832,0.08691939267785,0.9925950036700633,100.13599379127291,756829.0,,2033,30.5319,30.5319,16.0575,16.0575,30.8765,30.8765,39.277,39.277,0.252146,0.252146,0.00774128,0.00774128,0.0644096,0.0644096
S0_BASELINE,twoway_nolag,9,5.9999899999999995,33.41384928,33.2254937,26.360627,40.70608394,247.10350499999998,204.190394,11020.5,0,0.6350478181818182,0.08267156869718734,0.993116172067956,100.1492614889041,765141.0,,2034,30.6058,30.6058,16.0898,16.0898,31.023,31.023,39.3133,39.3133,0.260159,0.260159,0.00727589,0.00727589,0.0645714,0.0645714
S0_BASELINE,twoway_nolag,10,5.7499899999999995,33.6058247,33.7835139,25.860627,34.57974619,246.07881,211.341459,11020.5,0,0.6350330086580086,0.07908411535672921,0.9936172544222159,100.16151070315212,771275.0,,2035,30.6651,30.6651,16.0896,16.0896,31.1633,31.1633,39.3389,39.3389,0.266682,0.266682,0.00715617,0.00715617,0.0647382,0.0647382
S0_BASELINE,twoway_nolag,11,5.7499899999999995,34.1986382,34.4407031,24.610627,28.325415579999998,242.72984,220.9447115,11020.5,0,0.6350178441558442,0.07605066137328946,0.9940992887120259,100.17240179091715,777210.0,,2036,30.6913,30.6913,15.9982,15.9982,31.292,31.292,39.3489,39.3489,0.274777,0.274777,0.00694263,0.00694263,0.0648643,0.0648643
S0_BASELINE,twoway_nolag,12,5.4999899999999995,33.8569665,35.1752418,24.467769999999998,22.664598023,239.5388,229.7965559,11020.5,0,0.6350025930735931,0.07348237812865334,0.9945450777033744,100.18440667852818,782875.0,,2037,30.7648,30.7648,16.0487,16.0487,31.4288,31.4288,39.3814,39.3814,0.280955,0.280955,0.0068445,0.0068445,0.0650435,0.0650435
S0_BASELINE,twoway_nolag,13,5.4999899999999995,34.6021937,35.6800059,23.21777,17.781738095,236.36981,237.848459,11020.5,0,0.6349877272727272,0.07130518258882233,0.9949221259816459,100.19230811608013,788985.0,,2038,30.7732,30.7732,15.9445,15.9445,31.5245,31.5245,39.3838,39.3838,0.287632,0.287632,0.00664861,0.00664861,0.0651251,0.0651251
S0_BASELINE,twoway_nolag,14,5.4999899999999995,34.5905126,36.4416874,22.46777,14.631969582,232.45996,244.9082365,11020.5,0,0.6349732337662338,0.06945730018305514,0.9951277917265038,100.19752683514396,794996.0,,2039,30.7898,30.7898,15.9084,15.9084,31.5901,31.5901,39.3905,39.3905,0.292707,0.292707,0.00652326,0.00652326,0.0651953,0.0651953
S0_BASELINE,twoway_nolag,15,5.4999899999999995,34.0186312,37.26356567,22.217769999999998,11.53175541,228.79839,251.66994899999997,11020.5,0,0.6349592597402598,0.06788697202429861,0.9953240054394166,100.20372350205862,801005.0,,2040,30.8289,30.8289,15.9345,15.9345,31.6638,31.6638,39.4075,39.4075,0.297243,0.297243,0.00644911,0.00644911,0.0652961,0.0652961
S0_BASELINE,twoway_nolag,16,6.166657,33.8016547,38.06388153,20.967769999999998,10.645988305,223.90642,257.4476605,11020.5,0,0.6349459393939394,0.06655090165910443,0.9952739502490116,100.20293160973051,807553.0,,2041,30.7896,30.7896,15.8108,15.8108,31.6622,31.6622,39.388,39.388,0.301987,0.301987,0.00629977,0.00629977,0.0652677,0.0652677
S0_BASELINE,twoway_nolag,17,6.166657,33.4801511,38.63537923,20.717769999999998,9.03271273,220.00193000000002,262.96538200000003,11020.5,0,0.6349333896103896,0.06541281223965013,0.9953636697202621,100.2058951575203,813749.0,,2042,30.8078,30.8078,15.8185,15.8185,31.6993,31.6993,39.396,39.396,0.304661,0.304661,0.00623388,0.00623388,0.0653167,0.0653167
S1_PFES_CARBON,uncoupled,0,4.16666,28.888351,58.2235419,7.7214279999999995,90.4608,386.83923599999997,14.700000000000001,11020.5,0,0.6350316017316017,0.16675684145156247,0.986836239790076,100.0,701203.0,,2025,,,,,,,,,,,,,,
S1_PFES_CARBON,uncoupled,1,4.749993,29.708277,48.947882899999996,15.593798,78.4816779,367.0412,46.47728,11020.5,0,0.6350642034632035,0.1497578693158225,0.9886164963560717,100.04339263534656,762314.0,,2026,,,,,,,,,,,,,,
S1_PFES_CARBON,uncoupled,2,4.666659999999999,30.220592,42.886558199999996,21.226141,68.9143148,349.49017000000003,73.59564,11020.5,0,0.6350840476190477,0.135496742080527,0.9899696393887358,100.07657870313682,770373.0,,2027,,,,,,,,,,,,,,
S1_PFES_CARBON,uncoupled,3,4.666659999999999,30.449307,38.0274444,25.856541,71.6971723,333.22655,87.07631500000001,11020.5,0,0.6350939653679654,0.12352787643766407,0.9901484496575402,100.08061007768528,843919.0,,2028,,,,,,,,,,,,,,
S1_PFES_CARBON,uncoupled,4,4.416660299999999,31.6086382,34.1650148,28.809641,66.0714912,319.09799,106.83042764199999,11020.5,0,0.6350962380952381,0.1134776950585426,0.9909871104049015,100.09932337496889,853149.0,,2029,,,,,,,,,,,,,,
S1_PFES_CARBON,uncoupled,5,5.4999899999999995,31.0206137,31.9758655,30.503484000000004,59.67100592,306.320139,126.0088512,11020.5,0,0.6350928744588745,0.10503313940548063,0.9916335648414063,100.1169707492551,861989.0,,2030,,,,,,,,,,,,,,
S1_PFES_CARBON,uncoupled,6,5.4999899999999995,31.1297328,32.116745800000004,30.253484000000004,53.130277340000006,295.67501200000004,143.194706,11020.5,0,0.6350851948051948,0.09793208376359236,0.9921847294882779,100.13067929754018,870275.0,,2031,,,,,,,,,,,,,,
S1_PFES_CARBON,uncoupled,7,5.4999899999999995,32.8266439,32.3126954,28.360627,47.68538316,285.69502,158.619608,11020.5,0,0.635074632034632,0.09195526331669256,0.9926367765749817,100.13841732879125,879060.0,,2032,,,,,,,,,,,,,,
S1_PFES_CARBON,uncoupled,8,6.2499899999999995,33.454163699999995,32.6851774,26.610627,41.7668644,277.611702,172.6214383,11020.5,0,0.6350618831168832,0.08691939267785,0.9930498185369204,100.14749600923594,887752.0,,2033,,,,,,,,,,,,,,
S1_PFES_CARBON,uncoupled,9,5.9999899999999995,33.41384928,33.2254937,26.360627,35.91062108,270.654705,185.434684,11020.5,0,0.6350478181818182,0.08267156869718734,0.9935291646235425,100.15970207060481,895952.0,,2034,,,,,,,,,,,,,,
S1_PFES_CARBON,uncoupled,10,5.7499899999999995,33.6058247,33.7835139,25.860627,30.42002358,243.01438000000002,218.56556899999998,11020.5,0,0.6350330086580086,0.07908411535672921,0.9939754960244002,100.17056388647818,906260.0,,2035,,,,,,,,,,,,,,
S1_PFES_CARBON,uncoupled,11,5.7499899999999995,34.1986382,34.4407031,24.610627,24.90321576,242.80082,224.2959015,11020.5,0,0.6350178441558442,0.07605066137328946,0.9943940137410765,100.17984759783904,914370.0,,2036,,,,,,,,,,,,,,
S1_PFES_CARBON,uncoupled,12,5.4999899999999995,33.8569665,35.1752418,24.467769999999998,20.109922046,239.60607,232.28406099999998,11020.5,0,0.6350025930735931,0.07348237812865334,0.9947650903212973,100.1899634050512,922107.0,,2037,,,,,,,,,,,,,,
S1_PFES_CARBON,uncoupled,13,5.4999899999999995,34.6021937,35.6800059,23.21777,16.01856817,236.5753,239.40617,11020.5,0,0.6349877272727272,0.07130518258882233,0.9950739728647475,100.19614233248934,930312.0,,2038,,,,,,,,,,,,,,
S1_PFES_CARBON,uncoupled,14,5.4999899999999995,34.5787526,36.4534474,22.46777,13.407644144,233.06754999999998,245.5249715,11020.5,0,0.6349732337662338,0.06945730018305514,0.9952322197007314,100.20018885491365,938428.0,,2039,,,,,,,,,,,,,,
S1_PFES_CARBON,uncoupled,15,5.4999899999999995,33.9833512,37.29884567,22.217769999999998,10.681598919999999,229.87675000000002,251.441724,11020.5,0,0.6349592597402598,0.06788697202429861,0.9953941838304445,100.2055716093225,946561.0,,2040,,,,,,,,,,,,,,
S1_PFES_CARBON,uncoupled,16,6.166657,33.7428547,38.12268153,20.967769999999998,10.064049409999999,224.7114,257.2245805,11020.5,0,0.6349459393939394,0.06655090165910443,0.9953190037486878,100.20419664234335,955207.0,,2041,,,,,,,,,,,,,,
S1_PFES_CARBON,uncoupled,17,6.166657,33.3978311,38.71769923,20.717769999999998,8.65692406,220.64957,262.69351800000004,11020.5,0,0.6349333896103896,0.06541281223965013,0.9953889436824574,100.2067120159307,963529.0,,2042,,,,,,,,,,,,,,
S1_PFES_CARBON,oneway,0,4.16666,28.888351,58.2235419,7.7214279999999995,90.4608,386.83923599999997,14.700000000000001,11020.5,0,0.6350316017316017,0.16675684145156247,0.986836239790076,100.0,701203.0,,2025,29.7797,29.7797,15.1922,15.1922,29.7551,29.7551,38.9184,38.9184,0.241031,0.241031,0.00891325,0.00891325,0.0630949,0.0630949
S1_PFES_CARBON,oneway,1,4.749993,29.708277,48.947882899999996,15.593798,78.4816779,367.0412,46.47728,11020.5,0,0.6350642034632035,0.1497578693158225,0.9886164963560717,100.04339263534656,762314.0,,2026,29.8259,30.0564,15.2555,15.6158,29.8144,30.0931,38.94,39.0497,0.241118,0.241551,0.00890684,0.00887486,0.063156,0.0635411
S1_PFES_CARBON,oneway,2,4.666659999999999,30.220592,42.886558199999996,21.226141,68.9143148,349.49017000000003,73.59564,11020.5,0,0.6350840476190477,0.135496742080527,0.9899696393887358,100.07657870313682,770373.0,,2027,29.9026,30.2853,15.3627,15.9736,29.9114,30.3675,38.9759,39.1583,0.241141,0.241254,0.00889516,0.00883688,0.0632593,0.0639107
S1_PFES_CARBON,oneway,3,4.666659999999999,30.449307,38.0274444,25.856541,71.6971723,333.22655,87.07631500000001,11020.5,0,0.6350939653679654,0.12352787643766407,0.9901484496575402,100.08061007768528,843919.0,,2028,29.9791,30.3612,15.4939,16.2412,29.9877,30.3462,39.0127,39.1993,0.239335,0.230323,0.0089025,0.0089391,0.0633489,0.0639137
S1_PFES_CARBON,oneway,4,4.416660299999999,31.6086382,34.1650148,28.809641,66.0714912,319.09799,106.83042764199999,11020.5,0,0.6350962380952381,0.1134776950585426,0.9909871104049015,100.09932337496889,853149.0,,2029,30.0625,30.4785,15.6296,16.4022,30.0779,30.5017,39.0528,39.256,0.237463,0.228122,0.00888809,0.00881617,0.0634516,0.0640984
S1_PFES_CARBON,oneway,5,5.4999899999999995,31.0206137,31.9758655,30.503484000000004,59.67100592,306.320139,126.0088512,11020.5,0,0.6350928744588745,0.10503313940548063,0.9916335648414063,100.1169707492551,861989.0,,2030,30.1458,30.5614,15.7539,16.4619,30.179,30.654,39.0923,39.2927,0.236605,0.232324,0.00884683,0.00864091,0.0635653,0.0642823
S1_PFES_CARBON,oneway,6,5.4999899999999995,31.1297328,32.116745800000004,30.253484000000004,53.130277340000006,295.67501200000004,143.194706,11020.5,0,0.6350851948051948,0.09793208376359236,0.9921847294882779,100.13067929754018,870275.0,,2031,30.2257,30.6245,15.8596,16.4615,30.2883,30.8021,39.1299,39.3209,0.237139,0.239804,0.00877107,0.00839302,0.0636865,0.0644504
S1_PFES_CARBON,oneway,7,5.4999899999999995,32.8266439,32.3126954,28.360627,47.68538316,285.69502,158.619608,11020.5,0,0.635074632034632,0.09195526331669256,0.9926367765749817,100.13841732879125,879060.0,,2032,30.289,30.6052,15.9204,16.267,30.395,30.8967,39.1598,39.3115,0.238847,0.247373,0.00864395,0.00800958,0.063797,0.0644934
S1_PFES_CARBON,oneway,8,6.2499899999999995,33.454163699999995,32.6851774,26.610627,41.7668644,277.611702,172.6214383,11020.5,0,0.6350618831168832,0.08691939267785,0.9930498185369204,100.14749600923594,887752.0,,2033,30.3391,30.5888,15.9433,16.0734,30.5011,30.9997,39.1831,39.3014,0.241853,0.256851,0.0084815,0.00767076,0.0639015,0.0645603
S1_PFES_CARBON,oneway,9,5.9999899999999995,33.41384928,33.2254937,26.360627,35.91062108,270.654705,185.434684,11020.5,0,0.6350478181818182,0.08267156869718734,0.9935291646235425,100.15970207060481,895952.0,,2034,30.392,30.656,15.9669,16.1015,30.6127,31.1373,39.2075,39.3315,0.245449,0.263399,0.00831819,0.00750318,0.0640148,0.0647284
S1_PFES_CARBON,oneway,10,5.7499899999999995,33.6058247,33.7835139,25.860627,30.42002358,243.01438000000002,218.56556899999998,11020.5,0,0.6350330086580086,0.07908411535672921,0.9939754960244002,100.17056388647818,906260.0,,2035,30.4451,30.7101,15.9872,16.1026,30.7263,31.2601,39.2324,39.3586,0.249612,0.270386,0.00810845,0.00706174,0.0641297,0.0648544
S1_PFES_CARBON,oneway,11,5.7499899999999995,34.1986382,34.4407031,24.610627,24.90321576,242.80082,224.2959015,11020.5,0,0.6350178441558442,0.07605066137328946,0.9943940137410765,100.17984759783904,914370.0,,2036,30.4924,30.7282,15.9903,16.0085,30.8396,31.372,39.2542,39.3648,0.25432,0.277812,0.00790627,0.0068973,0.0642437,0.0649621
S1_PFES_CARBON,oneway,12,5.4999899999999995,33.8569665,35.1752418,24.467769999999998,20.109922046,239.60607,232.28406099999998,11020.5,0,0.6350025930735931,0.07348237812865334,0.9947650903212973,100.1899634050512,922107.0,,2037,30.5424,30.7924,16.0002,16.0564,30.9535,31.4886,39.2771,39.3932,0.259145,0.283224,0.00772347,0.00681118,0.0643632,0.0651166
S1_PFES_CARBON,oneway,13,5.4999899999999995,34.6021937,35.6800059,23.21777,16.01856817,236.5753,239.40617,11020.5,0,0.6349877272727272,0.07130518258882233,0.9950739728647475,100.19614233248934,930312.0,,2038,30.5841,30.7922,15.9927,15.9498,31.0609,31.5657,39.296,39.3919,0.264163,0.28921,0.00754054,0.00662763,0.0644745,0.0651757
S1_PFES_CARBON,oneway,14,5.4999899999999995,34.5787526,36.4534474,22.46777,13.407644144,233.06754999999998,245.5249715,11020.5,0,0.6349732337662338,0.06945730018305514,0.9952322197007314,100.20018885491365,938428.0,,2039,30.6207,30.8032,15.9807,15.9127,31.1588,31.6189,39.3125,39.3962,0.269116,0.293833,0.0073693,0.00651472,0.0645781,0.0652313
S1_PFES_CARBON,oneway,15,5.4999899999999995,33.9833512,37.29884567,22.217769999999998,10.681598919999999,229.87675000000002,251.441724,11020.5,0,0.6349592597402598,0.06788697202429861,0.9953941838304445,100.2055716093225,946561.0,,2040,30.6571,30.8387,15.9745,15.9389,31.2509,31.684,39.3288,39.4115,0.273953,0.298089,0.0072162,0.00645216,0.0646801,0.0653227
S1_PFES_CARBON,oneway,16,6.166657,33.7428547,38.12268153,20.967769999999998,10.064049409999999,224.7114,257.2245805,11020.5,0,0.6349459393939394,0.06655090165910443,0.9953190037486878,100.20419664234335,955207.0,,2041,30.6805,30.797,15.9508,15.8157,31.3256,31.6763,39.339,39.391,0.278741,0.302638,0.0070639,0.00630386,0.0647632,0.0652872
S1_PFES_CARBON,oneway,17,6.166657,33.3978311,38.71769923,20.717769999999998,8.65692406,220.64957,262.69351800000004,11020.5,0,0.6349333896103896,0.06541281223965013,0.9953889436824574,100.2067120159307,963529.0,,2042,30.7027,30.8134,15.9319,15.8241,31.3928,31.7088,39.3488,39.3983,0.283153,0.305168,0.00692634,0.00623982,0.064841,0.065331
S1_PFES_CARBON,twoway,0,4.16666,28.888351,58.2235419,7.7214279999999995,90.4608,386.83923599999997,14.700000000000001,11020.5,0,0.6350316017316017,0.16675684145156247,0.986836239790076,100.0,701203.0,,2025,29.7797,29.7797,15.1922,15.1922,29.7551,29.7551,38.9184,38.9184,0.241031,0.241031,0.00891325,0.00891325,0.0630949,0.0630949
S1_PFES_CARBON,twoway,1,4.749993,29.708277,48.947882899999996,15.593798,78.4816779,367.0412,46.47728,11020.5,0,0.6350642034632035,0.1497578693158225,0.9886164963560717,100.04339263534656,762314.0,,2026,29.8259,30.0564,15.2555,15.6158,29.8144,30.0931,38.94,39.0497,0.241118,0.241551,0.00890684,0.00887486,0.063156,0.0635411
S1_PFES_CARBON,twoway,2,4.666659999999999,30.220592,42.886558199999996,21.226141,68.9143148,349.49017000000003,73.59564,11020.5,0,0.6350840476190477,0.135496742080527,0.9899696393887358,100.07657870313682,770373.0,,2027,29.9026,30.2853,15.3627,15.9736,29.9114,30.3675,38.9759,39.1583,0.241141,0.241254,0.00889516,0.00883688,0.0632593,0.0639107
S1_PFES_CARBON,twoway,3,4.666659999999999,30.449307,38.0274444,25.856541,71.6971723,333.22655,87.07631500000001,11020.5,0,0.6350939653679654,0.12352787643766407,0.9901484496575402,100.08061007768528,843919.0,,2028,29.9791,30.3612,15.4939,16.2412,29.9877,30.3462,39.0127,39.1993,0.239335,0.230323,0.0089025,0.0089391,0.0633489,0.0639137
S1_PFES_CARBON,twoway,4,4.416660299999999,31.6086382,34.1650148,28.809641,66.0714912,319.09799,106.83042764199999,11020.5,0,0.6350962380952381,0.1134776950585426,0.9909871104049015,100.09932337496889,853149.0,,2029,30.0625,30.4785,15.6296,16.4022,30.0779,30.5017,39.0528,39.256,0.237463,0.228122,0.00888809,0.00881617,0.0634516,0.0640984
S1_PFES_CARBON,twoway,5,5.4999899999999995,31.0206137,31.9758655,30.503484000000004,59.67100592,306.320139,126.0088512,11020.5,0,0.6350928744588745,0.10503313940548063,0.9916335648414063,100.1169707492551,861989.0,,2030,30.1458,30.5614,15.7539,16.4619,30.179,30.654,39.0923,39.2927,0.236605,0.232324,0.00884683,0.00864091,0.0635653,0.0642823
S1_PFES_CARBON,twoway,6,5.4999899999999995,31.1297328,32.116745800000004,30.253484000000004,53.130277340000006,295.67501200000004,143.194706,11020.5,0,0.6350851948051948,0.09793208376359236,0.9921847294882779,100.13067929754018,870275.0,,2031,30.2257,30.6245,15.8596,16.4615,30.2883,30.8021,39.1299,39.3209,0.237139,0.239804,0.00877107,0.00839302,0.0636865,0.0644504
S1_PFES_CARBON,twoway,7,5.4999899999999995,32.8266439,32.3126954,28.360627,47.68538316,285.69502,158.619608,11020.5,0,0.635074632034632,0.09195526331669256,0.9926367765749817,100.13841732879125,879060.0,,2032,30.289,30.6052,15.9204,16.267,30.395,30.8967,39.1598,39.3115,0.238847,0.247373,0.00864395,0.00800958,0.063797,0.0644934
S1_PFES_CARBON,twoway,8,6.2499899999999995,33.454163699999995,32.6851774,26.610627,41.7668644,277.611702,172.6214383,11020.5,0,0.6350618831168832,0.08691939267785,0.9930498185369204,100.14749600923594,887752.0,,2033,30.3391,30.5888,15.9433,16.0734,30.5011,30.9997,39.1831,39.3014,0.241853,0.256851,0.0084815,0.00767076,0.0639015,0.0645603
S1_PFES_CARBON,twoway,9,5.9999899999999995,33.41384928,33.2254937,26.360627,35.91062108,270.654705,185.434684,11020.5,0,0.6350478181818182,0.08267156869718734,0.9935291646235425,100.15970207060481,895952.0,,2034,30.392,30.656,15.9669,16.1015,30.6127,31.1373,39.2075,39.3315,0.245449,0.263399,0.00831819,0.00750318,0.0640148,0.0647284
S1_PFES_CARBON,twoway,10,5.7499899999999995,33.6058247,33.7835139,25.860627,30.42002358,243.01438000000002,218.56556899999998,11020.5,0,0.6350330086580086,0.07908411535672921,0.9939754960244002,100.17056388647818,906260.0,,2035,30.4451,30.7101,15.9872,16.1026,30.7263,31.2601,39.2324,39.3586,0.249612,0.270386,0.00810845,0.00706174,0.0641297,0.0648544
S1_PFES_CARBON,twoway,11,5.7499899999999995,34.1986382,34.4407031,24.610627,24.90321576,242.80082,224.2959015,11020.5,0,0.6350178441558442,0.07605066137328946,0.9943940137410765,100.17984759783904,914370.0,,2036,30.4924,30.7282,15.9903,16.0085,30.8396,31.372,39.2542,39.3648,0.25432,0.277812,0.00790627,0.0068973,0.0642437,0.0649621
S1_PFES_CARBON,twoway,12,5.4999899999999995,33.8569665,35.1752418,24.467769999999998,20.109922046,239.60607,232.28406099999998,11020.5,0,0.6350025930735931,0.07348237812865334,0.9947650903212973,100.1899634050512,922107.0,,2037,30.5424,30.7924,16.0002,16.0564,30.9535,31.4886,39.2771,39.3932,0.259145,0.283224,0.00772347,0.00681118,0.0643632,0.0651166
S1_PFES_CARBON,twoway,13,5.4999899999999995,34.6021937,35.6800059,23.21777,16.01856817,236.5753,239.40617,11020.5,0,0.6349877272727272,0.07130518258882233,0.9950739728647475,100.19614233248934,930312.0,,2038,30.5841,30.7922,15.9927,15.9498,31.0609,31.5657,39.296,39.3919,0.264163,0.28921,0.00754054,0.00662763,0.0644745,0.0651757
S1_PFES_CARBON,twoway,14,5.4999899999999995,34.5787526,36.4534474,22.46777,13.407644144,233.06754999999998,245.5249715,11020.5,0,0.6349732337662338,0.06945730018305514,0.9952322197007314,100.20018885491365,938428.0,,2039,30.6207,30.8032,15.9807,15.9127,31.1588,31.6189,39.3125,39.3962,0.269116,0.293833,0.0073693,0.00651472,0.0645781,0.0652313
S1_PFES_CARBON,twoway,15,5.4999899999999995,33.9833512,37.29884567,22.217769999999998,10.681598919999999,229.87675000000002,251.441724,11020.5,0,0.6349592597402598,0.06788697202429861,0.9953941838304445,100.2055716093225,946561.0,,2040,30.6571,30.8387,15.9745,15.9389,31.2509,31.684,39.3288,39.4115,0.273953,0.298089,0.0072162,0.00645216,0.0646801,0.0653227
S1_PFES_CARBON,twoway,16,6.166657,33.7428547,38.12268153,20.967769999999998,10.064049409999999,224.7114,257.2245805,11020.5,0,0.6349459393939394,0.06655090165910443,0.9953190037486878,100.20419664234335,955207.0,,2041,30.6805,30.797,15.9508,15.8157,31.3256,31.6763,39.339,39.391,0.278741,0.302638,0.0070639,0.00630386,0.0647632,0.0652872
S1_PFES_CARBON,twoway,17,6.166657,33.3978311,38.71769923,20.717769999999998,8.65692406,220.64957,262.69351800000004,11020.5,0,0.6349333896103896,0.06541281223965013,0.9953889436824574,100.2067120159307,963529.0,,2042,30.7027,30.8134,15.9319,15.8241,31.3928,31.7088,39.3488,39.3983,0.283153,0.305168,0.00692634,0.00623982,0.064841,0.065331
S1_PFES_CARBON,twoway_nolag,0,4.16666,28.888351,58.2235419,7.7214279999999995,90.4608,386.83923599999997,14.700000000000001,11020.5,0,0.6350316017316017,0.16675684145156247,0.986836239790076,100.0,701203.0,,2025,29.7797,29.7797,15.1922,15.1922,29.7551,29.7551,38.9184,38.9184,0.241031,0.241031,0.00891325,0.00891325,0.0630949,0.0630949
S1_PFES_CARBON,twoway_nolag,1,4.749993,29.708277,48.947882899999996,15.593798,78.4816779,367.0412,46.47728,11020.5,0,0.6350642034632035,0.1497578693158225,0.9886164963560717,100.04339263534656,762314.0,,2026,30.0564,30.0564,15.6158,15.6158,30.0931,30.0931,39.0497,39.0497,0.241551,0.241551,0.00887486,0.00887486,0.0635411,0.0635411
S1_PFES_CARBON,twoway_nolag,2,4.666659999999999,30.220592,42.886558199999996,21.226141,68.9143148,349.49017000000003,73.59564,11020.5,0,0.6350840476190477,0.135496742080527,0.9899696393887358,100.07657870313682,770373.0,,2027,30.2853,30.2853,15.9736,15.9736,30.3675,30.3675,39.1583,39.1583,0.241254,0.241254,0.00883688,0.00883688,0.0639107,0.0639107
S1_PFES_CARBON,twoway_nolag,3,4.666659999999999,30.449307,38.0274444,25.856541,71.6971723,333.22655,87.07631500000001,11020.5,0,0.6350939653679654,0.12352787643766407,0.9901484496575402,100.08061007768528,843919.0,,2028,30.3612,30.3612,16.2412,16.2412,30.3462,30.3462,39.1993,39.1993,0.230323,0.230323,0.0089391,0.0089391,0.0639137,0.0639137
S1_PFES_CARBON,twoway_nolag,4,4.416660299999999,31.6086382,34.1650148,28.809641,66.0714912,319.09799,106.83042764199999,11020.5,0,0.6350962380952381,0.1134776950585426,0.9909871104049015,100.09932337496889,853149.0,,2029,30.4785,30.4785,16.4022,16.4022,30.5017,30.5017,39.256,39.256,0.228122,0.228122,0.00881617,0.00881617,0.0640984,0.0640984
S1_PFES_CARBON,twoway_nolag,5,5.4999899999999995,31.0206137,31.9758655,30.503484000000004,59.67100592,306.320139,126.0088512,11020.5,0,0.6350928744588745,0.10503313940548063,0.9916335648414063,100.1169707492551,861989.0,,2030,30.5614,30.5614,16.4619,16.4619,30.654,30.654,39.2927,39.2927,0.232324,0.232324,0.00864091,0.00864091,0.0642823,0.0642823
S1_PFES_CARBON,twoway_nolag,6,5.4999899999999995,31.1297328,32.116745800000004,30.253484000000004,53.130277340000006,295.67501200000004,143.194706,11020.5,0,0.6350851948051948,0.09793208376359236,0.9921847294882779,100.13067929754018,870275.0,,2031,30.6245,30.6245,16.4615,16.4615,30.8021,30.8021,39.3209,39.3209,0.239804,0.239804,0.00839302,0.00839302,0.0644504,0.0644504
S1_PFES_CARBON,twoway_nolag,7,5.4999899999999995,32.8266439,32.3126954,28.360627,47.68538316,285.69502,158.619608,11020.5,0,0.635074632034632,0.09195526331669256,0.9926367765749817,100.13841732879125,879060.0,,2032,30.6052,30.6052,16.267,16.267,30.8967,30.8967,39.3115,39.3115,0.247373,0.247373,0.00800958,0.00800958,0.0644934,0.0644934
S1_PFES_CARBON,twoway_nolag,8,6.2499899999999995,33.454163699999995,32.6851774,26.610627,41.7668644,277.611702,172.6214383,11020.5,0,0.6350618831168832,0.08691939267785,0.9930498185369204,100.14749600923594,887752.0,,2033,30.5888,30.5888,16.0734,16.0734,30.9997,30.9997,39.3014,39.3014,0.256851,0.256851,0.00767076,0.00767076,0.0645603,0.0645603
S1_PFES_CARBON,twoway_nolag,9,5.9999899999999995,33.41384928,33.2254937,26.360627,35.91062108,270.654705,185.434684,11020.5,0,0.6350478181818182,0.08267156869718734,0.9935291646235425,100.15970207060481,895952.0,,2034,30.656,30.656,16.1015,16.1015,31.1373,31.1373,39.3315,39.3315,0.263399,0.263399,0.00750318,0.00750318,0.0647284,0.0647284
S1_PFES_CARBON,twoway_nolag,10,5.7499899999999995,33.6058247,33.7835139,25.860627,30.42002358,243.01438000000002,218.56556899999998,11020.5,0,0.6350330086580086,0.07908411535672921,0.9939754960244002,100.17056388647818,906260.0,,2035,30.7101,30.7101,16.1026,16.1026,31.2601,31.2601,39.3586,39.3586,0.270386,0.270386,0.00706174,0.00706174,0.0648544,0.0648544
S1_PFES_CARBON,twoway_nolag,11,5.7499899999999995,34.1986382,34.4407031,24.610627,24.90321576,242.80082,224.2959015,11020.5,0,0.6350178441558442,0.07605066137328946,0.9943940137410765,100.17984759783904,914370.0,,2036,30.7282,30.7282,16.0085,16.0085,31.372,31.372,39.3648,39.3648,0.277812,0.277812,0.0068973,0.0068973,0.0649621,0.0649621
S1_PFES_CARBON,twoway_nolag,12,5.4999899999999995,33.8569665,35.1752418,24.467769999999998,20.109922046,239.60607,232.28406099999998,11020.5,0,0.6350025930735931,0.07348237812865334,0.9947650903212973,100.1899634050512,922107.0,,2037,30.7924,30.7924,16.0564,16.0564,31.4886,31.4886,39.3932,39.3932,0.283224,0.283224,0.00681118,0.00681118,0.0651166,0.0651166
S1_PFES_CARBON,twoway_nolag,13,5.4999899999999995,34.6021937,35.6800059,23.21777,16.01856817,236.5753,239.40617,11020.5,0,0.6349877272727272,0.07130518258882233,0.9950739728647475,100.19614233248934,930312.0,,2038,30.7922,30.7922,15.9498,15.9498,31.5657,31.5657,39.3919,39.3919,0.28921,0.28921,0.00662763,0.00662763,0.0651757,0.0651757
S1_PFES_CARBON,twoway_nolag,14,5.4999899999999995,34.5787526,36.4534474,22.46777,13.407644144,233.06754999999998,245.5249715,11020.5,0,0.6349732337662338,0.06945730018305514,0.9952322197007314,100.20018885491365,938428.0,,2039,30.8032,30.8032,15.9127,15.9127,31.6189,31.6189,39.3962,39.3962,0.293833,0.293833,0.00651472,0.00651472,0.0652313,0.0652313
S1_PFES_CARBON,twoway_nolag,15,5.4999899999999995,33.9833512,37.29884567,22.217769999999998,10.681598919999999,229.87675000000002,251.441724,11020.5,0,0.6349592597402598,0.06788697202429861,0.9953941838304445,100.2055716093225,946561.0,,2040,30.8387,30.8387,15.9389,15.9389,31.684,31.684,39.4115,39.4115,0.298089,0.298089,0.00645216,0.00645216,0.0653227,0.0653227
S1_PFES_CARBON,twoway_nolag,16,6.166657,33.7428547,38.12268153,20.967769999999998,10.064049409999999,224.7114,257.2245805,11020.5,0,0.6349459393939394,0.06655090165910443,0.9953190037486878,100.20419664234335,955207.0,,2041,30.797,30.797,15.8157,15.8157,31.6763,31.6763,39.391,39.391,0.302638,0.302638,0.00630386,0.00630386,0.0652872,0.0652872
S1_PFES_CARBON,twoway_nolag,17,6.166657,33.3978311,38.71769923,20.717769999999998,8.65692406,220.64957,262.69351800000004,11020.5,0,0.6349333896103896,0.06541281223965013,0.9953889436824574,100.2067120159307,963529.0,,2042,30.8134,30.8134,15.8241,15.8241,31.7088,31.7088,39.3983,39.3983,0.305168,0.305168,0.00623982,0.00623982,0.065331,0.065331
S2_NATIVE_PLANTING,uncoupled,0,4.16666,28.888351,58.2235419,7.7214279999999995,90.4608,386.83923599999997,14.700000000000001,11020.5,0,0.6350316017316017,0.16675684145156247,0.986836239790076,100.0,701203.0,,2025,,,,,,,,,,,,,,
S2_NATIVE_PLANTING,uncoupled,1,4.749993,29.708277,48.947882899999996,15.593798,74.4650738,367.43492,50.100166,11020.5,0,0.6350642034632035,0.1497578693158225,0.9889624123947689,100.05216546602675,726292.0,,2026,,,,,,,,,,,,,,
S2_NATIVE_PLANTING,uncoupled,2,4.666659999999999,30.220592,42.886558199999996,21.226141,62.234593000000004,350.26828,79.49715950000001,11020.5,0,0.6350840476190477,0.135496742080527,0.9905449070874462,100.09115217520615,733015.0,,2027,,,,,,,,,,,,,,
S2_NATIVE_PLANTING,uncoupled,3,4.666659999999999,30.449307,38.0274444,25.856541,53.5337844,334.25074,104.2154185,11020.5,0,0.6350939653679654,0.12352787643766407,0.9917127081197366,100.12021870848243,739377.0,,2028,,,,,,,,,,,,,,
S2_NATIVE_PLANTING,uncoupled,4,4.416660299999999,31.6086382,34.1650148,28.809641,46.2324148,320.50274,125.2647805,11020.5,0,0.6350962380952381,0.1134776950585426,0.9926956818062787,100.14255983260365,745956.0,,2029,,,,,,,,,,,,,,
S2_NATIVE_PLANTING,uncoupled,5,5.4999899999999995,31.0206137,31.9758655,30.503484000000004,40.273308379999996,308.0740925,143.6525868,11020.5,0,0.6350928744588745,0.10503313940548063,0.9933041239912276,100.1592234860085,752332.0,,2030,,,,,,,,,,,,,,
S2_NATIVE_PLANTING,uncoupled,6,5.4999899999999995,31.1297328,32.116745800000004,30.253484000000004,35.01378591,297.5780475,159.4081645,11020.5,0,0.6350851948051948,0.09793208376359236,0.9937449492296807,100.17012674495706,758334.0,,2031,,,,,,,,,,,,,,
S2_NATIVE_PLANTING,uncoupled,7,5.4999899999999995,32.8266439,32.3126954,28.360627,30.824714739999997,287.7048425,173.47043299999999,11020.5,0,0.635074632034632,0.09195526331669256,0.9940888429181406,100.1751232536852,764997.0,,2032,,,,,,,,,,,,,,
S2_NATIVE_PLANTING,uncoupled,8,6.2499899999999995,33.4541637,32.6851774,26.610627,26.829413199999998,279.6121675,185.5584231,11020.5,0,0.6350618831168832,0.08691939267785,0.9943362545049487,100.18000830067277,771879.0,,2033,,,,,,,,,,,,,,
S2_NATIVE_PLANTING,uncoupled,9,5.9999899999999995,33.41384928,33.2254937,26.360627,22.81113912,272.606493,196.582387,11020.5,0,0.6350478181818182,0.08267156869718734,0.9946573118949609,100.18820521939924,778368.0,,2034,,,,,,,,,,,,,,
S2_NATIVE_PLANTING,uncoupled,10,5.7499899999999995,33.6058247,33.7835139,25.860627,19.147061479999998,266.416108,206.43677674999998,11020.5,0,0.6350330086580086,0.07908411535672921,0.9949463406212705,100.19508612291715,784951.0,,2035,,,,,,,,,,,,,,
S2_NATIVE_PLANTING,uncoupled,11,5.7499899999999995,34.1986382,34.4407031,24.610627,15.652719059999999,261.180313,215.1668865,11020.5,0,0.6350178441558442,0.07605066137328946,0.9951906805535702,100.19996607591644,791549.0,,2036,,,,,,,,,,,,,,
S2_NATIVE_PLANTING,uncoupled,12,5.4999899999999995,33.8569665,35.1752418,24.467769999999998,12.774906343,256.348408,222.87684099999998,11020.5,0,0.6350025930735931,0.07348237812865334,0.9953967930436338,100.20591241110436,797879.0,,2037,,,,,,,,,,,,,,
S2_NATIVE_PLANTING,uncoupled,13,5.4999899999999995,34.6021937,35.6800059,23.21777,10.574737195,252.420206,229.005206,11020.5,0,0.6349877272727272,0.07130518258882233,0.9955428038918245,100.2079778270195,804673.0,,2038,,,,,,,,,,,,,,
S2_NATIVE_PLANTING,uncoupled,14,5.4999899999999995,34.5905126,36.4416874,22.46777,9.062459132,248.4701,234.4675155,11020.5,0,0.6349732337662338,0.06945730018305514,0.9956074463781702,100.20963457383994,811208.0,,2039,,,,,,,,,,,,,,
S2_NATIVE_PLANTING,uncoupled,15,5.4999899999999995,34.0186312,37.26356567,22.217769999999998,7.06404499,245.10621,239.8297428,11020.5,0,0.6349592597402598,0.06788697202429861,0.9957087714029571,100.21343449825098,817806.0,,2040,,,,,,,,,,,,,,
S2_NATIVE_PLANTING,uncoupled,16,6.166657,33.800544699999996,38.06499153,20.967769999999998,6.931117045,237.943828,247.12512249999997,11020.5,0,0.6349459393939394,0.06655090165910443,0.9955937850028508,100.21100679901534,824410.0,,2041,,,,,,,,,,,,,,
S2_NATIVE_PLANTING,uncoupled,17,6.166657,33.4768211,38.63870943,20.717769999999998,5.95510237,232.333678,253.71108500000003,11020.5,0,0.6349333896103896,0.06541281223965013,0.9956284313332296,100.21258430416063,830808.0,,2042,,,,,,,,,,,,,,
S2_NATIVE_PLANTING,oneway,0,4.16666,28.888351,58.2235419,7.7214279999999995,90.4608,386.83923599999997,14.700000000000001,11020.5,0,0.6350316017316017,0.16675684145156247,0.986836239790076,100.0,701203.0,,2025,29.7797,29.7797,15.1922,15.1922,29.7551,29.7551,38.9184,38.9184,0.241031,0.241031,0.00891325,0.00891325,0.0630949,0.0630949
S2_NATIVE_PLANTING,oneway,1,4.749993,29.708277,48.947882899999996,15.593798,74.4650738,367.43492,50.100166,11020.5,0,0.6350642034632035,0.1497578693158225,0.9889624123947689,100.05216546602675,726292.0,,2026,29.8331,30.0995,15.2573,15.6279,29.8308,30.1866,38.943,39.0681,0.241762,0.245409,0.00889776,0.00882047,0.0631717,0.063656
S2_NATIVE_PLANTING,oneway,2,4.666659999999999,30.220592,42.886558199999996,21.226141,62.234593000000004,350.26828,79.49715950000001,11020.5,0,0.6350840476190477,0.135496742080527,0.9905449070874462,100.09115217520615,733015.0,,2027,29.9206,30.3572,15.3673,15.9939,29.9523,30.5231,38.9835,39.189,0.242713,0.24746,0.00887353,0.00875259,0.0632991,0.0641021
S2_NATIVE_PLANTING,oneway,3,4.666659999999999,30.449307,38.0274444,25.856541,53.5337844,334.25074,104.2154185,11020.5,0,0.6350939653679654,0.12352787643766407,0.9917127081197366,100.12021870848243,739377.0,,2028,30.0268,30.5567,15.5061,16.2967,30.0957,30.7696,39.0328,39.283,0.243414,0.246913,0.00884488,0.00870189,0.0634544,0.0644333
S2_NATIVE_PLANTING,oneway,4,4.416660299999999,31.6086382,34.1650148,28.809641,46.2324148,320.50274,125.2647805,11020.5,0,0.6350962380952381,0.1134776950585426,0.9926956818062787,100.14255983260365,745956.0,,2029,30.1378,30.6923,15.649,16.4628,30.2481,30.9645,39.0846,39.3475,0.243823,0.245862,0.0087985,0.00856704,0.0636204,0.0646662
S2_NATIVE_PLANTING,oneway,5,5.4999899999999995,31.0206137,31.9758655,30.503484000000004,40.273308379999996,308.0740925,143.6525868,11020.5,0,0.6350928744588745,0.10503313940548063,0.9933041239912276,100.1592234860085,752332.0,,2030,30.2435,30.7705,15.7792,16.5211,30.3988,31.1068,39.1336,39.3821,0.244751,0.249385,0.00873328,0.00840783,0.0637871,0.0648379
S2_NATIVE_PLANTING,oneway,6,5.4999899999999995,31.1297328,32.116745800000004,30.253484000000004,35.01378591,297.5780475,159.4081645,11020.5,0,0.6350851948051948,0.09793208376359236,0.9937449492296807,100.17012674495706,758334.0,,2031,30.3397,30.8198,15.8894,16.5167,30.5438,31.2253,39.1782,39.4044,0.246577,0.255689,0.00864096,0.00818022,0.063949,0.0649698
S2_NATIVE_PLANTING,oneway,7,5.4999899999999995,32.8266439,32.3126954,28.360627,30.824714739999997,287.7048425,173.47043299999999,11020.5,0,0.635074632034632,0.09195526331669256,0.9940888429181406,100.1751232536852,764997.0,,2032,30.4143,30.7869,15.9534,16.318,30.6748,31.2906,39.2129,39.3892,0.249196,0.262264,0.00850278,0.00781317,0.0640898,0.0649768
S2_NATIVE_PLANTING,oneway,8,6.2499899999999995,33.4541637,32.6851774,26.610627,26.829413199999998,279.6121675,185.5584231,11020.5,0,0.6350618831168832,0.08691939267785,0.9943362545049487,100.18000830067277,771879.0,,2033,30.4703,30.7496,15.978,16.1182,30.793,31.3486,39.2388,39.3701,0.252691,0.270134,0.00833527,0.00749935,0.0642129,0.0649887
S2_NATIVE_PLANTING,oneway,9,5.9999899999999995,33.41384928,33.2254937,26.360627,22.81113912,272.606493,196.582387,11020.5,0,0.6350478181818182,0.08267156869718734,0.9946573118949609,100.18820521939924,778368.0,,2034,30.5248,30.7971,16.0023,16.1408,30.9072,31.4436,39.264,39.3918,0.256423,0.275047,0.00817184,0.00735624,0.064335,0.0651045
S2_NATIVE_PLANTING,oneway,10,5.7499899999999995,33.6058247,33.7835139,25.860627,19.147061479999998,266.416108,206.43677674999998,11020.5,0,0.6350330086580086,0.07908411535672921,0.9949463406212705,100.19508612291715,784951.0,,2035,30.5758,30.8303,16.022,16.1338,31.0157,31.5261,39.2875,39.4069,0.260324,0.279793,0.00801053,0.00720547,0.064453,0.0651968
S2_NATIVE_PLANTING,oneway,11,5.7499899999999995,34.1986382,34.4407031,24.610627,15.652719059999999,261.180313,215.1668865,11020.5,0,0.6350178441558442,0.07605066137328946,0.9951906805535702,100.19996607591644,791549.0,,2036,30.6177,30.8269,16.0238,16.0341,31.1165,31.5901,39.3067,39.4045,0.264563,0.285715,0.00784228,0.00700265,0.0645611,0.0652425
S2_NATIVE_PLANTING,oneway,12,5.4999899999999995,33.8569665,35.1752418,24.467769999999998,12.774906343,256.348408,222.87684099999998,11020.5,0,0.6350025930735931,0.07348237812865334,0.9953967930436338,100.20591241110436,797879.0,,2037,30.6599,30.8705,16.0316,16.0764,31.2122,31.662,39.3261,39.4243,0.26874,0.289588,0.00768868,0.00692214,0.0646679,0.065341
S2_NATIVE_PLANTING,oneway,13,5.4999899999999995,34.6021937,35.6800059,23.21777,10.574737195,252.420206,229.005206,11020.5,0,0.6349877272727272,0.07130518258882233,0.9955428038918245,100.2079778270195,804673.0,,2038,30.6917,30.85,16.0216,15.9642,31.2969,31.6948,39.3406,39.4145,0.272958,0.294008,0.00753187,0.00674931,0.0647606,0.0653452
S2_NATIVE_PLANTING,oneway,14,5.4999899999999995,34.5905126,36.4416874,22.46777,9.062459132,248.4701,234.4675155,11020.5,0,0.6349732337662338,0.06945730018305514,0.9956074463781702,100.20963457383994,811208.0,,2039,30.7179,30.849,16.0069,15.9232,31.3715,31.7221,39.3527,39.4136,0.277093,0.297725,0.00738352,0.00664315,0.0648439,0.0653686
S2_NATIVE_PLANTING,oneway,15,5.4999899999999995,34.0186312,37.26356567,22.217769999999998,7.06404499,245.10621,239.8297428,11020.5,0,0.6349592597402598,0.06788697202429861,0.9957087714029571,100.21343449825098,817806.0,,2040,30.7443,30.8762,15.9978,15.9459,31.4414,31.7701,39.3646,39.4254,0.281147,0.301382,0.00725054,0.00658692,0.0649253,0.0654382
S2_NATIVE_PLANTING,oneway,16,6.166657,33.800544699999996,38.06499153,20.967769999999998,6.931117045,237.943828,247.12512249999997,11020.5,0,0.6349459393939394,0.06655090165910443,0.9955937850028508,100.21100679901534,824410.0,,2041,30.7585,30.8289,15.9712,15.8202,31.4957,31.7507,39.3709,39.4028,0.285224,0.305566,0.00711135,0.00641674,0.0649884,0.0653863
S2_NATIVE_PLANTING,oneway,17,6.166657,33.4768211,38.63870943,20.717769999999998,5.95510237,232.333678,253.71108500000003,11020.5,0,0.6349333896103896,0.06541281223965013,0.9956284313332296,100.21258430416063,830808.0,,2042,30.7721,30.8403,15.9496,15.8263,31.5443,31.7727,39.377,39.4082,0.288982,0.307739,0.00698234,0.00633852,0.0650469,0.0654157
S2_NATIVE_PLANTING,twoway,0,4.16666,28.888351,58.2235419,7.7214279999999995,90.4608,386.83923599999997,14.700000000000001,11020.5,0,0.6350316017316017,0.16675684145156247,0.986836239790076,100.0,701203.0,,2025,29.7797,29.7797,15.1922,15.1922,29.7551,29.7551,38.9184,38.9184,0.241031,0.241031,0.00891325,0.00891325,0.0630949,0.0630949
S2_NATIVE_PLANTING,twoway,1,4.749993,29.708277,48.947882899999996,15.593798,74.4650738,367.43492,50.100166,11020.5,0,0.6350642034632035,0.1497578693158225,0.9889624123947689,100.05216546602675,726292.0,,2026,29.8331,30.0995,15.2573,15.6279,29.8308,30.1866,38.943,39.0681,0.241762,0.245409,0.00889776,0.00882047,0.0631717,0.063656
S2_NATIVE_PLANTING,twoway,2,4.666659999999999,30.220592,42.886558199999996,21.226141,62.234593000000004,350.26828,79.49715950000001,11020.5,0,0.6350840476190477,0.135496742080527,0.9905449070874462,100.09115217520615,733015.0,,2027,29.9206,30.3572,15.3673,15.9939,29.9523,30.5231,38.9835,39.189,0.242713,0.24746,0.00887353,0.00875259,0.0632991,0.0641021
S2_NATIVE_PLANTING,twoway,3,4.666659999999999,30.449307,38.0274444,25.856541,53.5337844,334.25074,104.2154185,11020.5,0,0.6350939653679654,0.12352787643766407,0.9917127081197366,100.12021870848243,739377.0,,2028,30.0268,30.5567,15.5061,16.2967,30.0957,30.7696,39.0328,39.283,0.243414,0.246913,0.00884488,0.00870189,0.0634544,0.0644333
S2_NATIVE_PLANTING,twoway,4,4.416660299999999,31.6086382,34.1650148,28.809641,46.2324148,320.50274,125.2647805,11020.5,0,0.6350962380952381,0.1134776950585426,0.9926956818062787,100.14255983260365,745956.0,,2029,30.1378,30.6923,15.649,16.4628,30.2481,30.9645,39.0846,39.3475,0.243823,0.245862,0.0087985,0.00856704,0.0636204,0.0646662
S2_NATIVE_PLANTING,twoway,5,5.4999899999999995,31.0206137,31.9758655,30.503484000000004,40.273308379999996,308.0740925,143.6525868,11020.5,0,0.6350928744588745,0.10503313940548063,0.9933041239912276,100.1592234860085,752332.0,,2030,30.2435,30.7705,15.7792,16.5211,30.3988,31.1068,39.1336,39.3821,0.244751,0.249385,0.00873328,0.00840783,0.0637871,0.0648379
S2_NATIVE_PLANTING,twoway,6,5.4999899999999995,31.1297328,32.116745800000004,30.253484000000004,35.01378591,297.5780475,159.4081645,11020.5,0,0.6350851948051948,0.09793208376359236,0.9937449492296807,100.17012674495706,758334.0,,2031,30.3397,30.8198,15.8894,16.5167,30.5438,31.2253,39.1782,39.4044,0.246577,0.255689,0.00864096,0.00818022,0.063949,0.0649698
S2_NATIVE_PLANTING,twoway,7,5.4999899999999995,32.8266439,32.3126954,28.360627,30.824714739999997,287.7048425,173.47043299999999,11020.5,0,0.635074632034632,0.09195526331669256,0.9940888429181406,100.1751232536852,764997.0,,2032,30.4143,30.7869,15.9534,16.318,30.6748,31.2906,39.2129,39.3892,0.249196,0.262264,0.00850278,0.00781317,0.0640898,0.0649768
S2_NATIVE_PLANTING,twoway,8,6.2499899999999995,33.4541637,32.6851774,26.610627,26.829413199999998,279.6121675,185.5584231,11020.5,0,0.6350618831168832,0.08691939267785,0.9943362545049487,100.18000830067277,771879.0,,2033,30.4703,30.7496,15.978,16.1182,30.793,31.3486,39.2388,39.3701,0.252691,0.270134,0.00833527,0.00749935,0.0642129,0.0649887
S2_NATIVE_PLANTING,twoway,9,5.9999899999999995,33.41384928,33.2254937,26.360627,22.81113912,272.606493,196.582387,11020.5,0,0.6350478181818182,0.08267156869718734,0.9946573118949609,100.18820521939924,778368.0,,2034,30.5248,30.7971,16.0023,16.1408,30.9072,31.4436,39.264,39.3918,0.256423,0.275047,0.00817184,0.00735624,0.064335,0.0651045
S2_NATIVE_PLANTING,twoway,10,5.7499899999999995,33.6058247,33.7835139,25.860627,19.147061479999998,266.416108,206.43677674999998,11020.5,0,0.6350330086580086,0.07908411535672921,0.9949463406212705,100.19508612291715,784951.0,,2035,30.5758,30.8303,16.022,16.1338,31.0157,31.5261,39.2875,39.4069,0.260324,0.279793,0.00801053,0.00720547,0.064453,0.0651968
S2_NATIVE_PLANTING,twoway,11,5.7499899999999995,34.1986382,34.4407031,24.610627,15.652719059999999,261.180313,215.1668865,11020.5,0,0.6350178441558442,0.07605066137328946,0.9951906805535702,100.19996607591644,791549.0,,2036,30.6177,30.8269,16.0238,16.0341,31.1165,31.5901,39.3067,39.4045,0.264563,0.285715,0.00784228,0.00700265,0.0645611,0.0652425
S2_NATIVE_PLANTING,twoway,12,5.4999899999999995,33.8569665,35.1752418,24.467769999999998,12.774906343,256.348408,222.87684099999998,11020.5,0,0.6350025930735931,0.07348237812865334,0.9953967930436338,100.20591241110436,797879.0,,2037,30.6599,30.8705,16.0316,16.0764,31.2122,31.662,39.3261,39.4243,0.26874,0.289588,0.00768868,0.00692214,0.0646679,0.065341
S2_NATIVE_PLANTING,twoway,13,5.4999899999999995,34.6021937,35.6800059,23.21777,10.574737195,252.420206,229.005206,11020.5,0,0.6349877272727272,0.07130518258882233,0.9955428038918245,100.2079778270195,804673.0,,2038,30.6917,30.85,16.0216,15.9642,31.2969,31.6948,39.3406,39.4145,0.272958,0.294008,0.00753187,0.00674931,0.0647606,0.0653452
S2_NATIVE_PLANTING,twoway,14,5.4999899999999995,34.5905126,36.4416874,22.46777,9.062459132,248.4701,234.4675155,11020.5,0,0.6349732337662338,0.06945730018305514,0.9956074463781702,100.20963457383994,811208.0,,2039,30.7179,30.849,16.0069,15.9232,31.3715,31.7221,39.3527,39.4136,0.277093,0.297725,0.00738352,0.00664315,0.0648439,0.0653686
S2_NATIVE_PLANTING,twoway,15,5.4999899999999995,34.0186312,37.26356567,22.217769999999998,7.06404499,245.10621,239.8297428,11020.5,0,0.6349592597402598,0.06788697202429861,0.9957087714029571,100.21343449825098,817806.0,,2040,30.7443,30.8762,15.9978,15.9459,31.4414,31.7701,39.3646,39.4254,0.281147,0.301382,0.00725054,0.00658692,0.0649253,0.0654382
S2_NATIVE_PLANTING,twoway,16,6.166657,33.800544699999996,38.06499153,20.967769999999998,6.931117045,237.943828,247.12512249999997,11020.5,0,0.6349459393939394,0.06655090165910443,0.9955937850028508,100.21100679901534,824410.0,,2041,30.7585,30.8289,15.9712,15.8202,31.4957,31.7507,39.3709,39.4028,0.285224,0.305566,0.00711135,0.00641674,0.0649884,0.0653863
S2_NATIVE_PLANTING,twoway,17,6.166657,33.4768211,38.63870943,20.717769999999998,5.95510237,232.333678,253.71108500000003,11020.5,0,0.6349333896103896,0.06541281223965013,0.9956284313332296,100.21258430416063,830808.0,,2042,30.7721,30.8403,15.9496,15.8263,31.5443,31.7727,39.377,39.4082,0.288982,0.307739,0.00698234,0.00633852,0.0650469,0.0654157
S2_NATIVE_PLANTING,twoway_nolag,0,4.16666,28.888351,58.2235419,7.7214279999999995,90.4608,386.83923599999997,14.700000000000001,11020.5,0,0.6350316017316017,0.16675684145156247,0.986836239790076,100.0,701203.0,,2025,29.7797,29.7797,15.1922,15.1922,29.7551,29.7551,38.9184,38.9184,0.241031,0.241031,0.00891325,0.00891325,0.0630949,0.0630949
S2_NATIVE_PLANTING,twoway_nolag,1,4.749993,29.708277,48.947882899999996,15.593798,74.4650738,367.43492,50.100166,11020.5,0,0.6350642034632035,0.1497578693158225,0.9889624123947689,100.05216546602675,726292.0,,2026,30.0995,30.0995,15.6279,15.6279,30.1866,30.1866,39.0681,39.0681,0.245409,0.245409,0.00882047,0.00882047,0.063656,0.063656
S2_NATIVE_PLANTING,twoway_nolag,2,4.666659999999999,30.220592,42.886558199999996,21.226141,62.234593000000004,350.26828,79.49715950000001,11020.5,0,0.6350840476190477,0.135496742080527,0.9905449070874462,100.09115217520615,733015.0,,2027,30.3572,30.3572,15.9939,15.9939,30.5231,30.5231,39.189,39.189,0.24746,0.24746,0.00875259,0.00875259,0.0641021,0.0641021
S2_NATIVE_PLANTING,twoway_nolag,3,4.666659999999999,30.449307,38.0274444,25.856541,53.5337844,334.25074,104.2154185,11020.5,0,0.6350939653679654,0.12352787643766407,0.9917127081197366,100.12021870848243,739377.0,,2028,30.5567,30.5567,16.2967,16.2967,30.7696,30.7696,39.283,39.283,0.246913,0.246913,0.00870189,0.00870189,0.0644333,0.0644333
S2_NATIVE_PLANTING,twoway_nolag,4,4.416660299999999,31.6086382,34.1650148,28.809641,46.2324148,320.50274,125.2647805,11020.5,0,0.6350962380952381,0.1134776950585426,0.9926956818062787,100.14255983260365,745956.0,,2029,30.6923,30.6923,16.4628,16.4628,30.9645,30.9645,39.3475,39.3475,0.245862,0.245862,0.00856704,0.00856704,0.0646662,0.0646662
S2_NATIVE_PLANTING,twoway_nolag,5,5.4999899999999995,31.0206137,31.9758655,30.503484000000004,40.273308379999996,308.0740925,143.6525868,11020.5,0,0.6350928744588745,0.10503313940548063,0.9933041239912276,100.1592234860085,752332.0,,2030,30.7705,30.7705,16.5211,16.5211,31.1068,31.1068,39.3821,39.3821,0.249385,0.249385,0.00840783,0.00840783,0.0648379,0.0648379
S2_NATIVE_PLANTING,twoway_nolag,6,5.4999899999999995,31.1297328,32.116745800000004,30.253484000000004,35.01378591,297.5780475,159.4081645,11020.5,0,0.6350851948051948,0.09793208376359236,0.9937449492296807,100.17012674495706,758334.0,,2031,30.8198,30.8198,16.5167,16.5167,31.2253,31.2253,39.4044,39.4044,0.255689,0.255689,0.00818022,0.00818022,0.0649698,0.0649698
S2_NATIVE_PLANTING,twoway_nolag,7,5.4999899999999995,32.8266439,32.3126954,28.360627,30.824714739999997,287.7048425,173.47043299999999,11020.5,0,0.635074632034632,0.09195526331669256,0.9940888429181406,100.1751232536852,764997.0,,2032,30.7869,30.7869,16.318,16.318,31.2906,31.2906,39.3892,39.3892,0.262264,0.262264,0.00781317,0.00781317,0.0649768,0.0649768
S2_NATIVE_PLANTING,twoway_nolag,8,6.2499899999999995,33.4541637,32.6851774,26.610627,26.829413199999998,279.6121675,185.5584231,11020.5,0,0.6350618831168832,0.08691939267785,0.9943362545049487,100.18000830067277,771879.0,,2033,30.7496,30.7496,16.1182,16.1182,31.3486,31.3486,39.3701,39.3701,0.270134,0.270134,0.00749935,0.00749935,0.0649887,0.0649887
S2_NATIVE_PLANTING,twoway_nolag,9,5.9999899999999995,33.41384928,33.2254937,26.360627,22.81113912,272.606493,196.582387,11020.5,0,0.6350478181818182,0.08267156869718734,0.9946573118949609,100.18820521939924,778368.0,,2034,30.7971,30.7971,16.1408,16.1408,31.4436,31.4436,39.3918,39.3918,0.275047,0.275047,0.00735624,0.00735624,0.0651045,0.0651045
S2_NATIVE_PLANTING,twoway_nolag,10,5.7499899999999995,33.6058247,33.7835139,25.860627,19.147061479999998,266.416108,206.43677674999998,11020.5,0,0.6350330086580086,0.07908411535672921,0.9949463406212705,100.19508612291715,784951.0,,2035,30.8303,30.8303,16.1338,16.1338,31.5261,31.5261,39.4069,39.4069,0.279793,0.279793,0.00720547,0.00720547,0.0651968,0.0651968
S2_NATIVE_PLANTING,twoway_nolag,11,5.7499899999999995,34.1986382,34.4407031,24.610627,15.652719059999999,261.180313,215.1668865,11020.5,0,0.6350178441558442,0.07605066137328946,0.9951906805535702,100.19996607591644,791549.0,,2036,30.8269,30.8269,16.0341,16.0341,31.5901,31.5901,39.4045,39.4045,0.285715,0.285715,0.00700265,0.00700265,0.0652425,0.0652425
S2_NATIVE_PLANTING,twoway_nolag,12,5.4999899999999995,33.8569665,35.1752418,24.467769999999998,12.774906343,256.348408,222.87684099999998,11020.5,0,0.6350025930735931,0.07348237812865334,0.9953967930436338,100.20591241110436,797879.0,,2037,30.8705,30.8705,16.0764,16.0764,31.662,31.662,39.4243,39.4243,0.289588,0.289588,0.00692214,0.00692214,0.065341,0.065341
S2_NATIVE_PLANTING,twoway_nolag,13,5.4999899999999995,34.6021937,35.6800059,23.21777,10.574737195,252.420206,229.005206,11020.5,0,0.6349877272727272,0.07130518258882233,0.9955428038918245,100.2079778270195,804673.0,,2038,30.85,30.85,15.9642,15.9642,31.6948,31.6948,39.4145,39.4145,0.294008,0.294008,0.00674931,0.00674931,0.0653452,0.0653452
S2_NATIVE_PLANTING,twoway_nolag,14,5.4999899999999995,34.5905126,36.4416874,22.46777,9.062459132,248.4701,234.4675155,11020.5,0,0.6349732337662338,0.06945730018305514,0.9956074463781702,100.20963457383994,811208.0,,2039,30.849,30.849,15.9232,15.9232,31.7221,31.7221,39.4136,39.4136,0.297725,0.297725,0.00664315,0.00664315,0.0653686,0.0653686
S2_NATIVE_PLANTING,twoway_nolag,15,5.4999899999999995,34.0186312,37.26356567,22.217769999999998,7.06404499,245.10621,239.8297428,11020.5,0,0.6349592597402598,0.06788697202429861,0.9957087714029571,100.21343449825098,817806.0,,2040,30.8762,30.8762,15.9459,15.9459,31.7701,31.7701,39.4254,39.4254,0.301382,0.301382,0.00658692,0.00658692,0.0654382,0.0654382
S2_NATIVE_PLANTING,twoway_nolag,16,6.166657,33.800544699999996,38.06499153,20.967769999999998,6.931117045,237.943828,247.12512249999997,11020.5,0,0.6349459393939394,0.06655090165910443,0.9955937850028508,100.21100679901534,824410.0,,2041,30.8289,30.8289,15.8202,15.8202,31.7507,31.7507,39.4028,39.4028,0.305566,0.305566,0.00641674,0.00641674,0.0653863,0.0653863
S2_NATIVE_PLANTING,twoway_nolag,17,6.166657,33.4768211,38.63870943,20.717769999999998,5.95510237,232.333678,253.71108500000003,11020.5,0,0.6349333896103896,0.06541281223965013,0.9956284313332296,100.21258430416063,830808.0,,2042,30.8403,30.8403,15.8263,15.8263,31.7727,31.7727,39.4082,39.4082,0.307739,0.307739,0.00633852,0.00633852,0.0654157,0.0654157
S3_REGEN_ZONING,uncoupled,0,4.16666,28.888351,58.2235419,7.7214279999999995,90.4608,386.83923599999997,14.700000000000001,11020.5,0,0.6350316017316017,0.16675684145156247,0.986836239790076,100.0,701203.0,,2025,,,,,,,,,,,,,,
S3_REGEN_ZONING,uncoupled,1,4.41666,30.04161,48.947882899999996,15.593798,63.83738829999999,363.551081,64.6116385,11020.5,0,0.6350642034632035,0.1497578693158225,0.9899063918867067,100.07536658351151,822319.0,,2026,,,,,,,,,,,,,,
S3_REGEN_ZONING,uncoupled,2,4.333327,30.553925,42.886558199999996,21.226141,45.485542699999996,342.438667,104.07580390000001,11020.5,0,0.6350840476190477,0.135496742080527,0.9920160678481649,100.12766688514374,832275.0,,2027,,,,,,,,,,,,,,
S3_REGEN_ZONING,uncoupled,3,4.333327,30.78264,38.0274444,25.856541,33.1868384,323.088112,135.7250506,11020.5,0,0.6350939653679654,0.12352787643766407,0.9934937251773507,100.16453359561208,842213.0,,2028,,,,,,,,,,,,,,
S3_REGEN_ZONING,uncoupled,4,4.333327,31.6919712,34.1650148,28.809641,24.6977066,305.92743213,161.3749376,11020.5,0,0.6350962380952381,0.1134776950585426,0.9945574604284607,100.18942862519606,852514.0,,2029,,,,,,,,,,,,,,
S3_REGEN_ZONING,uncoupled,5,5.4999899999999995,31.0206137,31.9758655,30.503484000000004,19.01223556,290.1019174,182.8858008,11020.5,0,0.6350928744588745,0.10503313940548063,0.9951351598404491,100.20547369558301,862511.0,,2030,,,,,,,,,,,,,,
S3_REGEN_ZONING,uncoupled,6,5.4999899999999995,31.1297328,32.116745800000004,30.253484000000004,18.72977517,276.3915396,196.8787556,11020.5,0,0.6350851948051948,0.09793208376359236,0.9951473529812226,100.2055445128502,872363.0,,2031,,,,,,,,,,,,,,
S3_REGEN_ZONING,uncoupled,7,5.4999899999999995,32.8266439,32.3126954,28.360627,19.18731218,263.6903989,209.12226049999998,11020.5,0,0.635074632034632,0.09195526331669256,0.9950910736826395,100.2004345262549,882630.0,,2032,,,,,,,,,,,,,,
S3_REGEN_ZONING,uncoupled,8,5.4999899999999995,34.2041637,32.6851774,26.610627,16.1013722,252.7040823,223.194633,11020.5,0,0.6350618831168832,0.08691939267785,0.9953247608502942,100.20333921633986,892427.0,,2033,,,,,,,,,,,,,,
S3_REGEN_ZONING,uncoupled,9,5.4999899999999995,33.91384928,33.2254937,26.360627,13.56305654,242.895472,235.541516,11020.5,0,0.6350478181818182,0.08267156869718734,0.9954968315704564,100.20831351354059,901738.0,,2034,,,,,,,,,,,,,,
S3_REGEN_ZONING,uncoupled,10,5.4999899999999995,33.8558247,33.7835139,25.860627,11.64748187,234.184879,246.167575,11020.5,0,0.6350330086580086,0.07908411535672921,0.9956137461786986,100.21139011367201,911064.0,,2035,,,,,,,,,,,,,,
S3_REGEN_ZONING,uncoupled,11,5.4999899999999995,34.4486382,34.4407031,24.610627,10.0720512,226.520241,255.407473,11020.5,0,0.6350178441558442,0.07605066137328946,0.9956928264659232,100.21209704572662,920310.0,,2036,,,,,,,,,,,,,,
S3_REGEN_ZONING,uncoupled,12,5.4999899999999995,33.8569665,35.1752418,24.467769999999998,8.835160453,219.8260408,263.3389534,11020.5,0,0.6350025930735931,0.07348237812865334,0.9957360899342255,100.21447559553384,929252.0,,2037,,,,,,,,,,,,,,
S3_REGEN_ZONING,uncoupled,13,5.4999899999999995,34.6021937,35.6800059,23.21777,8.067440715,213.6473602,270.2851973,11020.5,0,0.6349877272727272,0.07130518258882233,0.9957587360122363,100.2134271191537,938587.0,,2038,,,,,,,,,,,,,,
S3_REGEN_ZONING,uncoupled,14,5.4999899999999995,34.5787526,36.4534474,22.46777,7.416587572,208.121749,276.461813,11020.5,0,0.6349732337662338,0.06945730018305514,0.9957481785724394,100.2132119688414,947660.0,,2039,,,,,,,,,,,,,,
S3_REGEN_ZONING,uncoupled,15,5.4999899999999995,33.9833512,37.29884567,22.217769999999998,6.0335649700000005,203.6497424,282.316628,11020.5,0,0.6349592597402598,0.06788697202429861,0.9957944795165837,100.21567385736078,956725.0,,2040,,,,,,,,,,,,,,
S3_REGEN_ZONING,uncoupled,16,5.4999899999999995,34.4095217,38.12268153,20.967769999999998,6.074800944,196.0046738,289.920528,11020.5,0,0.6349459393939394,0.06655090165910443,0.9957199782440138,100.212867796311,966167.0,,2041,,,,,,,,,,,,,,
S3_REGEN_ZONING,uncoupled,17,5.4999899999999995,34.0644981,38.71769923,20.717769999999998,5.2999617,189.7676122,296.932177,11020.5,0,0.6349333896103896,0.06541281223965013,0.9957354646536396,100.21400789604513,975290.0,,2042,,,,,,,,,,,,,,
S3_REGEN_ZONING,oneway,0,4.16666,28.888351,58.2235419,7.7214279999999995,90.4608,386.83923599999997,14.700000000000001,11020.5,0,0.6350316017316017,0.16675684145156247,0.986836239790076,100.0,701203.0,,2025,29.7797,29.7797,15.1922,15.1922,29.7551,29.7551,38.9184,38.9184,0.241031,0.241031,0.00891325,0.00891325,0.0630949,0.0630949
S3_REGEN_ZONING,oneway,1,4.41666,30.04161,48.947882899999996,15.593798,63.83738829999999,363.551081,64.6116385,11020.5,0,0.6350642034632035,0.1497578693158225,0.9899063918867067,100.07536658351151,822319.0,,2026,29.853,30.219,15.2639,15.6722,29.8746,30.4361,38.9517,39.1208,0.243572,0.25625,0.00886507,0.00862462,0.0632131,0.0639584
S3_REGEN_ZONING,oneway,2,4.333327,30.553925,42.886558199999996,21.226141,45.485542699999996,342.438667,104.07580390000001,11020.5,0,0.6350840476190477,0.135496742080527,0.9920160678481649,100.12766688514374,832275.0,,2027,29.9682,30.5432,15.3825,16.0575,30.0573,30.9158,39.0042,39.2707,0.247062,0.264483,0.00879241,0.00842977,0.0633999,0.0645769
S3_REGEN_ZONING,oneway,3,4.333327,30.78264,38.0274444,25.856541,33.1868384,323.088112,135.7250506,11020.5,0,0.6350939653679654,0.12352787643766407,0.9934937251773507,100.16453359561208,842213.0,,2028,30.1041,30.7821,15.5303,16.3722,30.2659,31.2466,39.0664,39.382,0.250394,0.267021,0.00870894,0.00829238,0.0636202,0.0650087
S3_REGEN_ZONING,oneway,4,4.333327,31.6919712,34.1650148,28.809641,24.6977066,305.92743213,161.3749376,11020.5,0,0.6350962380952381,0.1134776950585426,0.9945574604284607,100.18942862519606,852514.0,,2029,30.2415,30.927,15.6801,16.5335,30.4767,31.4672,39.1296,39.4502,0.253198,0.267194,0.0086072,0.00809946,0.0638462,0.0652709
S3_REGEN_ZONING,oneway,5,5.4999899999999995,31.0206137,31.9758655,30.503484000000004,19.01223556,290.1019174,182.8858008,11020.5,0,0.6350928744588745,0.10503313940548063,0.9951351598404491,100.20547369558301,862511.0,,2030,30.3683,31.0012,15.8157,16.5883,30.6742,31.6021,39.1878,39.4834,0.256026,0.27014,0.00848906,0.0078995,0.0640632,0.0654312
S3_REGEN_ZONING,oneway,6,5.4999899999999995,31.1297328,32.116745800000004,30.253484000000004,18.72977517,276.3915396,196.8787556,11020.5,0,0.6350851948051948,0.09793208376359236,0.9951473529812226,100.2055445128502,872363.0,,2031,30.4732,30.997,15.9283,16.5691,30.8373,31.6039,39.2365,39.4832,0.258649,0.271736,0.00835596,0.0076917,0.0642487,0.0654178
S3_REGEN_ZONING,oneway,7,5.4999899999999995,32.8266439,32.3126954,28.360627,19.18731218,263.6903989,209.12226049999998,11020.5,0,0.635074632034632,0.09195526331669256,0.9950910736826395,100.2004345262549,882630.0,,2032,30.5468,30.914,15.9922,16.3564,30.9641,31.5602,39.2711,39.447,0.261217,0.274035,0.00818835,0.00735192,0.0643912,0.0652892
S3_REGEN_ZONING,oneway,8,5.4999899999999995,34.2041637,32.6851774,26.610627,16.1013722,252.7040823,223.194633,11020.5,0,0.6350618831168832,0.08691939267785,0.9953247608502942,100.20333921633986,892427.0,,2033,30.6023,30.879,16.0204,16.1811,31.0763,31.6034,39.2975,39.4313,0.26428,0.279565,0.00799337,0.00702031,0.0645127,0.0652784
S3_REGEN_ZONING,oneway,9,5.4999899999999995,33.91384928,33.2254937,26.360627,13.56305654,242.895472,235.541516,11020.5,0,0.6350478181818182,0.08267156869718734,0.9954968315704564,100.20831351354059,901738.0,,2034,30.6531,30.9068,16.0458,16.1906,31.1789,31.6612,39.3217,39.4443,0.267442,0.283223,0.00780445,0.00686163,0.064627,0.0653475
S3_REGEN_ZONING,oneway,10,5.4999899999999995,33.8558247,33.7835139,25.860627,11.64748187,234.184879,246.167575,11020.5,0,0.6350330086580086,0.07908411535672921,0.9956137461786986,100.21139011367201,911064.0,,2035,30.6972,30.9172,16.0643,16.1696,31.2704,31.7003,39.3427,39.4493,0.27062,0.286479,0.00762071,0.00670378,0.0647309,0.0653856
S3_REGEN_ZONING,oneway,11,5.4999899999999995,34.4486382,34.4407031,24.610627,10.0720512,226.520241,255.407473,11020.5,0,0.6350178441558442,0.07605066137328946,0.9956928264659232,100.21209704572662,920310.0,,2036,30.7299,30.8932,16.0643,16.0644,31.3491,31.7192,39.3584,39.4385,0.273922,0.2904,0.00743398,0.00650208,0.064819,0.0653742
S3_REGEN_ZONING,oneway,12,5.4999899999999995,33.8569665,35.1752418,24.467769999999998,8.835160453,219.8260408,263.3389534,11020.5,0,0.6350025930735931,0.07348237812865334,0.9957360899342255,100.21447559553384,929252.0,,2037,30.7608,30.9153,16.0686,16.093,31.4195,31.7501,39.3733,39.4487,0.277079,0.292832,0.00726471,0.00641998,0.0649016,0.0654221
S3_REGEN_ZONING,oneway,13,5.4999899999999995,34.6021937,35.6800059,23.21777,8.067440715,213.6473602,270.2851973,11020.5,0,0.6349877272727272,0.07130518258882233,0.9957587360122363,100.2134271191537,938587.0,,2038,30.7806,30.8794,16.0549,15.9767,31.4773,31.7492,39.3831,39.4326,0.280187,0.295698,0.00709466,0.00624602,0.0649675,0.0653833
S3_REGEN_ZONING,oneway,14,5.4999899999999995,34.5787526,36.4534474,22.46777,7.416587572,208.121749,276.461813,11020.5,0,0.6349732337662338,0.06945730018305514,0.9957481785724394,100.2132119688414,947660.0,,2039,30.7955,30.8694,16.0368,15.934,31.5263,31.7562,39.3905,39.4281,0.283219,0.298352,0.00693488,0.00613747,0.0650242,0.0653811
S3_REGEN_ZONING,oneway,15,5.4999899999999995,33.9833512,37.29884567,22.217769999999998,6.0335649700000005,203.6497424,282.316628,11020.5,0,0.6349592597402598,0.06788697202429861,0.9957944795165837,100.21567385736078,956725.0,,2040,30.8113,30.8905,16.0248,15.9563,31.5725,31.7898,39.3982,39.4375,0.286216,0.30117,0.00679186,0.00607813,0.0650801,0.0654329
S3_REGEN_ZONING,oneway,16,5.4999899999999995,34.4095217,38.12268153,20.967769999999998,6.074800944,196.0046738,289.920528,11020.5,0,0.6349459393939394,0.06655090165910443,0.9957199782440138,100.212867796311,966167.0,,2041,30.8182,30.8523,15.9995,15.8556,31.6075,31.772,39.4019,39.4205,0.289135,0.303705,0.00664585,0.00591722,0.0651214,0.0653813
S3_REGEN_ZONING,oneway,17,5.4999899999999995,34.0644981,38.71769923,20.717769999999998,5.2999617,189.7676122,296.932177,11020.5,0,0.6349333896103896,0.06541281223965013,0.9957354646536396,100.21400789604513,975290.0,,2042,30.8255,30.8619,15.979,15.8624,31.6394,31.7894,39.4057,39.4252,0.291831,0.305286,0.00651094,0.00583764,0.0651602,0.065405
S3_REGEN_ZONING,twoway,0,4.16666,28.888351,58.2235419,7.7214279999999995,90.4608,386.83923599999997,14.700000000000001,11020.5,0,0.6350316017316017,0.16675684145156247,0.986836239790076,100.0,701203.0,,2025,29.7797,29.7797,15.1922,15.1922,29.7551,29.7551,38.9184,38.9184,0.241031,0.241031,0.00891325,0.00891325,0.0630949,0.0630949
S3_REGEN_ZONING,twoway,1,4.41666,30.04161,48.947882899999996,15.593798,63.83738829999999,363.551081,64.6116385,11020.5,0,0.6350642034632035,0.1497578693158225,0.9899063918867067,100.07536658351151,822319.0,,2026,29.853,30.219,15.2639,15.6722,29.8746,30.4361,38.9517,39.1208,0.243572,0.25625,0.00886507,0.00862462,0.0632131,0.0639584
S3_REGEN_ZONING,twoway,2,4.333327,30.553925,42.886558199999996,21.226141,45.485542699999996,342.438667,104.07580390000001,11020.5,0,0.6350840476190477,0.135496742080527,0.9920160678481649,100.12766688514374,832275.0,,2027,29.9682,30.5432,15.3825,16.0575,30.0573,30.9158,39.0042,39.2707,0.247062,0.264483,0.00879241,0.00842977,0.0633999,0.0645769
S3_REGEN_ZONING,twoway,3,4.333327,30.78264,38.0274444,25.856541,33.1868384,323.088112,135.7250506,11020.5,0,0.6350939653679654,0.12352787643766407,0.9934937251773507,100.16453359561208,842213.0,,2028,30.1041,30.7821,15.5303,16.3722,30.2659,31.2466,39.0664,39.382,0.250394,0.267021,0.00870894,0.00829238,0.0636202,0.0650087
S3_REGEN_ZONING,twoway,4,4.333327,31.6919712,34.1650148,28.809641,24.6977066,305.92743213,161.3749376,11020.5,0,0.6350962380952381,0.1134776950585426,0.9945574604284607,100.18942862519606,852514.0,,2029,30.2415,30.927,15.6801,16.5335,30.4767,31.4672,39.1296,39.4502,0.253198,0.267194,0.0086072,0.00809946,0.0638462,0.0652709
S3_REGEN_ZONING,twoway,5,5.4999899999999995,31.0206137,31.9758655,30.503484000000004,19.01223556,290.1019174,182.8858008,11020.5,0,0.6350928744588745,0.10503313940548063,0.9951351598404491,100.20547369558301,862511.0,,2030,30.3683,31.0012,15.8157,16.5883,30.6742,31.6021,39.1878,39.4834,0.256026,0.27014,0.00848906,0.0078995,0.0640632,0.0654312
S3_REGEN_ZONING,twoway,6,5.4999899999999995,31.1297328,32.116745800000004,30.253484000000004,18.72977517,276.3915396,196.8787556,11020.5,0,0.6350851948051948,0.09793208376359236,0.9951473529812226,100.2055445128502,872363.0,,2031,30.4732,30.997,15.9283,16.5691,30.8373,31.6039,39.2365,39.4832,0.258649,0.271736,0.00835596,0.0076917,0.0642487,0.0654178
S3_REGEN_ZONING,twoway,7,5.4999899999999995,32.8266439,32.3126954,28.360627,19.18731218,263.6903989,209.12226049999998,11020.5,0,0.635074632034632,0.09195526331669256,0.9950910736826395,100.2004345262549,882630.0,,2032,30.5468,30.914,15.9922,16.3564,30.9641,31.5602,39.2711,39.447,0.261217,0.274035,0.00818835,0.00735192,0.0643912,0.0652892
S3_REGEN_ZONING,twoway,8,5.4999899999999995,34.2041637,32.6851774,26.610627,16.1013722,252.7040823,223.194633,11020.5,0,0.6350618831168832,0.08691939267785,0.9953247608502942,100.20333921633986,892427.0,,2033,30.6023,30.879,16.0204,16.1811,31.0763,31.6034,39.2975,39.4313,0.26428,0.279565,0.00799337,0.00702031,0.0645127,0.0652784
S3_REGEN_ZONING,twoway,9,5.4999899999999995,33.91384928,33.2254937,26.360627,13.56305654,242.895472,235.541516,11020.5,0,0.6350478181818182,0.08267156869718734,0.9954968315704564,100.20831351354059,901738.0,,2034,30.6531,30.9068,16.0458,16.1906,31.1789,31.6612,39.3217,39.4443,0.267442,0.283223,0.00780445,0.00686163,0.064627,0.0653475
S3_REGEN_ZONING,twoway,10,5.4999899999999995,33.8558247,33.7835139,25.860627,11.64748187,234.184879,246.167575,11020.5,0,0.6350330086580086,0.07908411535672921,0.9956137461786986,100.21139011367201,911064.0,,2035,30.6972,30.9172,16.0643,16.1696,31.2704,31.7003,39.3427,39.4493,0.27062,0.286479,0.00762071,0.00670378,0.0647309,0.0653856
S3_REGEN_ZONING,twoway,11,5.4999899999999995,34.4486382,34.4407031,24.610627,10.0720512,226.520241,255.407473,11020.5,0,0.6350178441558442,0.07605066137328946,0.9956928264659232,100.21209704572662,920310.0,,2036,30.7299,30.8932,16.0643,16.0644,31.3491,31.7192,39.3584,39.4385,0.273922,0.2904,0.00743398,0.00650208,0.064819,0.0653742
S3_REGEN_ZONING,twoway,12,5.4999899999999995,33.8569665,35.1752418,24.467769999999998,8.835160453,219.8260408,263.3389534,11020.5,0,0.6350025930735931,0.07348237812865334,0.9957360899342255,100.21447559553384,929252.0,,2037,30.7608,30.9153,16.0686,16.093,31.4195,31.7501,39.3733,39.4487,0.277079,0.292832,0.00726471,0.00641998,0.0649016,0.0654221
S3_REGEN_ZONING,twoway,13,5.4999899999999995,34.6021937,35.6800059,23.21777,8.067440715,213.6473602,270.2851973,11020.5,0,0.6349877272727272,0.07130518258882233,0.9957587360122363,100.2134271191537,938587.0,,2038,30.7806,30.8794,16.0549,15.9767,31.4773,31.7492,39.3831,39.4326,0.280187,0.295698,0.00709466,0.00624602,0.0649675,0.0653833
S3_REGEN_ZONING,twoway,14,5.4999899999999995,34.5787526,36.4534474,22.46777,7.416587572,208.121749,276.461813,11020.5,0,0.6349732337662338,0.06945730018305514,0.9957481785724394,100.2132119688414,947660.0,,2039,30.7955,30.8694,16.0368,15.934,31.5263,31.7562,39.3905,39.4281,0.283219,0.298352,0.00693488,0.00613747,0.0650242,0.0653811
S3_REGEN_ZONING,twoway,15,5.4999899999999995,33.9833512,37.29884567,22.217769999999998,6.0335649700000005,203.6497424,282.316628,11020.5,0,0.6349592597402598,0.06788697202429861,0.9957944795165837,100.21567385736078,956725.0,,2040,30.8113,30.8905,16.0248,15.9563,31.5725,31.7898,39.3982,39.4375,0.286216,0.30117,0.00679186,0.00607813,0.0650801,0.0654329
S3_REGEN_ZONING,twoway,16,5.4999899999999995,34.4095217,38.12268153,20.967769999999998,6.074800944,196.0046738,289.920528,11020.5,0,0.6349459393939394,0.06655090165910443,0.9957199782440138,100.212867796311,966167.0,,2041,30.8182,30.8523,15.9995,15.8556,31.6075,31.772,39.4019,39.4205,0.289135,0.303705,0.00664585,0.00591722,0.0651214,0.0653813
S3_REGEN_ZONING,twoway,17,5.4999899999999995,34.0644981,38.71769923,20.717769999999998,5.2999617,189.7676122,296.932177,11020.5,0,0.6349333896103896,0.06541281223965013,0.9957354646536396,100.21400789604513,975290.0,,2042,30.8255,30.8619,15.979,15.8624,31.6394,31.7894,39.4057,39.4252,0.291831,0.305286,0.00651094,0.00583764,0.0651602,0.065405
S3_REGEN_ZONING,twoway_nolag,0,4.16666,28.888351,58.2235419,7.7214279999999995,90.4608,386.83923599999997,14.700000000000001,11020.5,0,0.6350316017316017,0.16675684145156247,0.986836239790076,100.0,701203.0,,2025,29.7797,29.7797,15.1922,15.1922,29.7551,29.7551,38.9184,38.9184,0.241031,0.241031,0.00891325,0.00891325,0.0630949,0.0630949
S3_REGEN_ZONING,twoway_nolag,1,4.41666,30.04161,48.947882899999996,15.593798,63.83738829999999,363.551081,64.6116385,11020.5,0,0.6350642034632035,0.1497578693158225,0.9899063918867067,100.07536658351151,822319.0,,2026,30.219,30.219,15.6722,15.6722,30.4361,30.4361,39.1208,39.1208,0.25625,0.25625,0.00862462,0.00862462,0.0639584,0.0639584
S3_REGEN_ZONING,twoway_nolag,2,4.333327,30.553925,42.886558199999996,21.226141,45.485542699999996,342.438667,104.07580390000001,11020.5,0,0.6350840476190477,0.135496742080527,0.9920160678481649,100.12766688514374,832275.0,,2027,30.5432,30.5432,16.0575,16.0575,30.9158,30.9158,39.2707,39.2707,0.264483,0.264483,0.00842977,0.00842977,0.0645769,0.0645769
S3_REGEN_ZONING,twoway_nolag,3,4.333327,30.78264,38.0274444,25.856541,33.1868384,323.088112,135.7250506,11020.5,0,0.6350939653679654,0.12352787643766407,0.9934937251773507,100.16453359561208,842213.0,,2028,30.7821,30.7821,16.3722,16.3722,31.2466,31.2466,39.382,39.382,0.267021,0.267021,0.00829238,0.00829238,0.0650087,0.0650087
S3_REGEN_ZONING,twoway_nolag,4,4.333327,31.6919712,34.1650148,28.809641,24.6977066,305.92743213,161.3749376,11020.5,0,0.6350962380952381,0.1134776950585426,0.9945574604284607,100.18942862519606,852514.0,,2029,30.927,30.927,16.5335,16.5335,31.4672,31.4672,39.4502,39.4502,0.267194,0.267194,0.00809946,0.00809946,0.0652709,0.0652709
S3_REGEN_ZONING,twoway_nolag,5,5.4999899999999995,31.0206137,31.9758655,30.503484000000004,19.01223556,290.1019174,182.8858008,11020.5,0,0.6350928744588745,0.10503313940548063,0.9951351598404491,100.20547369558301,862511.0,,2030,31.0012,31.0012,16.5883,16.5883,31.6021,31.6021,39.4834,39.4834,0.27014,0.27014,0.0078995,0.0078995,0.0654312,0.0654312
S3_REGEN_ZONING,twoway_nolag,6,5.4999899999999995,31.1297328,32.116745800000004,30.253484000000004,18.72977517,276.3915396,196.8787556,11020.5,0,0.6350851948051948,0.09793208376359236,0.9951473529812226,100.2055445128502,872363.0,,2031,30.997,30.997,16.5691,16.5691,31.6039,31.6039,39.4832,39.4832,0.271736,0.271736,0.0076917,0.0076917,0.0654178,0.0654178
S3_REGEN_ZONING,twoway_nolag,7,5.4999899999999995,32.8266439,32.3126954,28.360627,19.18731218,263.6903989,209.12226049999998,11020.5,0,0.635074632034632,0.09195526331669256,0.9950910736826395,100.2004345262549,882630.0,,2032,30.914,30.914,16.3564,16.3564,31.5602,31.5602,39.447,39.447,0.274035,0.274035,0.00735192,0.00735192,0.0652892,0.0652892
S3_REGEN_ZONING,twoway_nolag,8,5.4999899999999995,34.2041637,32.6851774,26.610627,16.1013722,252.7040823,223.194633,11020.5,0,0.6350618831168832,0.08691939267785,0.9953247608502942,100.20333921633986,892427.0,,2033,30.879,30.879,16.1811,16.1811,31.6034,31.6034,39.4313,39.4313,0.279565,0.279565,0.00702031,0.00702031,0.0652784,0.0652784
S3_REGEN_ZONING,twoway_nolag,9,5.4999899999999995,33.91384928,33.2254937,26.360627,13.56305654,242.895472,235.541516,11020.5,0,0.6350478181818182,0.08267156869718734,0.9954968315704564,100.20831351354059,901738.0,,2034,30.9068,30.9068,16.1906,16.1906,31.6612,31.6612,39.4443,39.4443,0.283223,0.283223,0.00686163,0.00686163,0.0653475,0.0653475
S3_REGEN_ZONING,twoway_nolag,10,5.4999899999999995,33.8558247,33.7835139,25.860627,11.64748187,234.184879,246.167575,11020.5,0,0.6350330086580086,0.07908411535672921,0.9956137461786986,100.21139011367201,911064.0,,2035,30.9172,30.9172,16.1696,16.1696,31.7003,31.7003,39.4493,39.4493,0.286479,0.286479,0.00670378,0.00670378,0.0653856,0.0653856
S3_REGEN_ZONING,twoway_nolag,11,5.4999899999999995,34.4486382,34.4407031,24.610627,10.0720512,226.520241,255.407473,11020.5,0,0.6350178441558442,0.07605066137328946,0.9956928264659232,100.21209704572662,920310.0,,2036,30.8932,30.8932,16.0644,16.0644,31.7192,31.7192,39.4385,39.4385,0.2904,0.2904,0.00650208,0.00650208,0.0653742,0.0653742
S3_REGEN_ZONING,twoway_nolag,12,5.4999899999999995,33.8569665,35.1752418,24.467769999999998,8.835160453,219.8260408,263.3389534,11020.5,0,0.6350025930735931,0.07348237812865334,0.9957360899342255,100.21447559553384,929252.0,,2037,30.9153,30.9153,16.093,16.093,31.7501,31.7501,39.4487,39.4487,0.292832,0.292832,0.00641998,0.00641998,0.0654221,0.0654221
S3_REGEN_ZONING,twoway_nolag,13,5.4999899999999995,34.6021937,35.6800059,23.21777,8.067440715,213.6473602,270.2851973,11020.5,0,0.6349877272727272,0.07130518258882233,0.9957587360122363,100.2134271191537,938587.0,,2038,30.8794,30.8794,15.9767,15.9767,31.7492,31.7492,39.4326,39.4326,0.295698,0.295698,0.00624602,0.00624602,0.0653833,0.0653833
S3_REGEN_ZONING,twoway_nolag,14,5.4999899999999995,34.5787526,36.4534474,22.46777,7.416587572,208.121749,276.461813,11020.5,0,0.6349732337662338,0.06945730018305514,0.9957481785724394,100.2132119688414,947660.0,,2039,30.8694,30.8694,15.934,15.934,31.7562,31.7562,39.4281,39.4281,0.298352,0.298352,0.00613747,0.00613747,0.0653811,0.0653811
S3_REGEN_ZONING,twoway_nolag,15,5.4999899999999995,33.9833512,37.29884567,22.217769999999998,6.0335649700000005,203.6497424,282.316628,11020.5,0,0.6349592597402598,0.06788697202429861,0.9957944795165837,100.21567385736078,956725.0,,2040,30.8905,30.8905,15.9563,15.9563,31.7898,31.7898,39.4375,39.4375,0.30117,0.30117,0.00607813,0.00607813,0.0654329,0.0654329
S3_REGEN_ZONING,twoway_nolag,16,5.4999899999999995,34.4095217,38.12268153,20.967769999999998,6.074800944,196.0046738,289.920528,11020.5,0,0.6349459393939394,0.06655090165910443,0.9957199782440138,100.212867796311,966167.0,,2041,30.8523,30.8523,15.8556,15.8556,31.772,31.772,39.4205,39.4205,0.303705,0.303705,0.00591722,0.00591722,0.0653813,0.0653813
S3_REGEN_ZONING,twoway_nolag,17,5.4999899999999995,34.0644981,38.71769923,20.717769999999998,5.2999617,189.7676122,296.932177,11020.5,0,0.6349333896103896,0.06541281223965013,0.9957354646536396,100.21400789604513,975290.0,,2042,30.8619,30.8619,15.8624,15.8624,31.7894,31.7894,39.4252,39.4252,0.305286,0.305286,0.00583764,0.00583764,0.065405,0.065405
S4_MAIZE_PRESSURE,uncoupled,0,4.16666,28.888351,58.2235419,7.7214279999999995,90.4608,386.83923599999997,14.700000000000001,11020.5,0,0.6350316017316017,0.16675684145156247,0.986836239790076,100.0,701203.0,,2025,,,,,,,,,,,,,,
S4_MAIZE_PRESSURE,uncoupled,1,4.749993,29.708277,48.947882899999996,15.593798,85.6843433,366.77872,39.53712,11020.5,0,0.6350642034632035,0.1497578693158225,0.9879961919141292,100.02765527734465,715138.0,,2026,,,,,,,,,,,,,,
S4_MAIZE_PRESSURE,uncoupled,2,23.153506,14.447593,40.5671524,20.831734,80.42215159999999,349.15103,62.42700000000001,11020.5,0,0.6350840476190477,0.135496742080527,0.9875862026502265,100.05059497670767,726646.0,,2027,,,,,,,,,,,,,,
S4_MAIZE_PRESSURE,uncoupled,3,36.759126,3.547093,32.8593967,25.834388,75.3743224,332.98681999999997,83.638975,11020.5,0,0.6350939653679654,0.12352787643766407,0.9875129962892113,100.07253742813778,736009.0,,2028,,,,,,,,,,,,,,
S4_MAIZE_PRESSURE,uncoupled,4,42.794859,0.5,26.616109,29.089018,70.0241676,318.92273,103.052957642,11020.5,0,0.6350962380952381,0.1134776950585426,0.9879916343705445,100.09131168284664,744108.0,,2029,,,,,,,,,,,,,,
S4_MAIZE_PRESSURE,uncoupled,5,46.39311,0.25,21.55905279,30.797795999999998,64.72054625999999,306.182329,121.09712119999999,11020.5,0,0.6350928744588745,0.10503313940548063,0.988574024926899,100.10660457353204,751332.0,,2030,,,,,,,,,,,,,,
S4_MAIZE_PRESSURE,uncoupled,6,50.428427,0.0,17.46281183,31.10873,58.64320987,295.566072,137.790706,11020.5,0,0.6350851948051948,0.09793208376359236,0.9891026612262106,100.12052994427503,758396.0,,2031,,,,,,,,,,,,,,
S4_MAIZE_PRESSURE,uncoupled,7,55.042031,0.0,14.144890460000001,29.813053999999998,53.23254128,285.60185,153.1656155,11020.5,0,0.635074632034632,0.09195526331669256,0.9894570500859283,100.12949692347746,766067.0,,2032,,,,,,,,,,,,,,
S4_MAIZE_PRESSURE,uncoupled,8,59.111545,0.0,11.45739178,28.431121,47.0479471,277.514502,167.4375408,11020.5,0,0.6350618831168832,0.08691939267785,0.9898706555227978,100.139959270595,773710.0,,2033,,,,,,,,,,,,,,
S4_MAIZE_PRESSURE,uncoupled,9,61.240336,0.0,9.28046199,28.479193,40.70608394,247.10350499999998,204.190394,11020.5,0,0.6350478181818182,0.08267156869718734,0.9904209721242109,100.1538743631132,782582.0,,2034,,,,,,,,,,,,,,
S4_MAIZE_PRESSURE,uncoupled,10,63.262196,0.0,7.51717779,28.220661,34.57974619,246.07881,211.341459,11020.5,0,0.6350330086580086,0.07908411535672921,0.9909263127480086,100.16664741406147,789248.0,,2035,,,,,,,,,,,,,,
S4_MAIZE_PRESSURE,uncoupled,11,65.74491,0.0,6.0889127,27.166217,28.325415579999998,242.72984,220.9447115,11020.5,0,0.6350178441558442,0.07605066137328946,0.9913741344166115,100.17796228817603,795822.0,,2036,,,,,,,,,,,,,,
S4_MAIZE_PRESSURE,uncoupled,12,66.743359,0.0,4.93201938,27.324648,22.664598023,239.5388,229.7965559,11020.5,0,0.6350025930735931,0.07348237812865334,0.9918752980611435,100.19062042845603,801782.0,,2037,,,,,,,,,,,,,,
S4_MAIZE_PRESSURE,uncoupled,13,68.802103,0.0,3.99493703,26.202949,17.781738095,236.36981,237.848459,11020.5,0,0.6349877272727272,0.07130518258882233,0.9921992181754961,100.19879935957246,808501.0,,2038,,,,,,,,,,,,,,
S4_MAIZE_PRESSURE,uncoupled,14,70.207262,0.0,3.23589361,25.556888999999998,14.631969582,232.45996,244.9082365,11020.5,0,0.6349732337662338,0.06945730018305514,0.9924148367055189,100.20424302306334,814853.0,,2039,,,,,,,,,,,,,,
S4_MAIZE_PRESSURE,uncoupled,15,70.987853,0.0,2.62107343,25.391095,11.53175541,228.79839,251.66994899999997,11020.5,0,0.6349592597402598,0.06788697202429861,0.992667555355414,100.21062146728997,821180.0,,2040,,,,,,,,,,,,,,
S4_MAIZE_PRESSURE,uncoupled,16,72.667653,0.0,2.123071999,24.209277,10.645988305,223.90642,257.4476605,11020.5,0,0.6349459393939394,0.06655090165910443,0.9926420606482341,100.20997793591218,828249.0,,2041,,,,,,,,,,,,,,
S4_MAIZE_PRESSURE,uncoupled,17,73.265785,0.0,1.719689932,24.014523,9.03271273,220.00193000000002,262.96538200000003,11020.5,0,0.6349333896103896,0.06541281223965013,0.9927642261983359,100.21306092780206,834811.0,,2042,,,,,,,,,,,,,,
S4_MAIZE_PRESSURE,oneway,0,4.16666,28.888351,58.2235419,7.7214279999999995,90.4608,386.83923599999997,14.700000000000001,11020.5,0,0.6350316017316017,0.16675684145156247,0.986836239790076,100.0,701203.0,,2025,29.7797,29.7797,15.1922,15.1922,29.7551,29.7551,38.9184,38.9184,0.241031,0.241031,0.00891325,0.00891325,0.0630949,0.0630949
S4_MAIZE_PRESSURE,oneway,1,4.749993,29.708277,48.947882899999996,15.593798,85.6843433,366.77872,39.53712,11020.5,0,0.6350642034632035,0.1497578693158225,0.9879961919141292,100.02765527734465,715138.0,,2026,29.813,29.9791,15.2522,15.594,29.785,29.9257,38.9345,39.0165,0.239947,0.23454,0.00892423,0.00897904,0.0631278,0.0633354
S4_MAIZE_PRESSURE,oneway,2,23.153506,14.447593,40.5671524,20.831734,80.42215159999999,349.15103,62.42700000000001,11020.5,0,0.6350840476190477,0.135496742080527,0.9875862026502265,100.05059497670767,726646.0,,2027,29.8132,29.8145,15.2302,15.1049,29.8102,29.9283,38.9303,38.9085,0.244668,0.268225,0.00893044,0.00896142,0.0631583,0.0633506
S4_MAIZE_PRESSURE,oneway,3,36.759126,3.547093,32.8593967,25.834388,75.3743224,332.98681999999997,83.638975,11020.5,0,0.6350939653679654,0.12352787643766407,0.9875129962892113,100.07253742813778,736009.0,,2028,29.7974,29.7182,15.165,14.7932,29.8351,29.9526,38.9156,38.8413,0.252677,0.292647,0.00897426,0.00919292,0.0631895,0.0633864
S4_MAIZE_PRESSURE,oneway,4,42.794859,0.5,26.616109,29.089018,70.0241676,318.92273,103.052957642,11020.5,0,0.6350962380952381,0.1134776950585426,0.9879916343705445,100.09131168284664,744108.0,,2029,29.7801,29.6938,15.0849,14.6286,29.8682,30.0234,38.9001,38.8212,0.260354,0.298668,0.00901289,0.0092057,0.0632227,0.0634316
S4_MAIZE_PRESSURE,oneway,5,46.39311,0.25,21.55905279,30.797795999999998,64.72054625999999,306.182329,121.09712119999999,11020.5,0,0.6350928744588745,0.10503313940548063,0.988574024926899,100.10660457353204,751332.0,,2030,29.7608,29.6645,14.9881,14.4372,29.9084,30.0973,38.8841,38.8029,0.266783,0.298865,0.00901891,0.00904892,0.0632537,0.0634489
S4_MAIZE_PRESSURE,oneway,6,50.428427,0.0,17.46281183,31.10873,58.64320987,295.566072,137.790706,11020.5,0,0.6350851948051948,0.09793208376359236,0.9891026612262106,100.12052994427503,758396.0,,2031,29.7334,29.5967,14.8591,14.1243,29.9544,30.1705,38.8645,38.7649,0.272665,0.302017,0.00898654,0.008825,0.0632795,0.0634425
S4_MAIZE_PRESSURE,oneway,7,55.042031,0.0,14.144890460000001,29.813053999999998,53.23254128,285.60185,153.1656155,11020.5,0,0.635074632034632,0.09195526331669256,0.9894570500859283,100.12949692347746,766067.0,,2032,29.688,29.4611,14.6783,13.6485,29.9982,30.204,38.8364,38.6941,0.278405,0.307054,0.00890571,0.00850231,0.0632895,0.063352
S4_MAIZE_PRESSURE,oneway,8,59.111545,0.0,11.45739178,28.431121,47.0479471,277.514502,167.4375408,11020.5,0,0.6350618831168832,0.08691939267785,0.9898706555227978,100.139959270595,773710.0,,2033,29.6318,29.3515,14.4605,13.2196,30.0448,30.264,38.8033,38.6355,0.284127,0.312684,0.00879006,0.00821295,0.063292,0.0633078
S4_MAIZE_PRESSURE,oneway,9,61.240336,0.0,9.28046199,28.479193,40.70608394,247.10350499999998,204.190394,11020.5,0,0.6350478181818182,0.08267156869718734,0.9904209721242109,100.1538743631132,782582.0,,2034,29.584,29.3455,14.2502,13.0524,30.102,30.3706,38.7751,38.6317,0.289097,0.3139,0.0086158,0.00774616,0.0633018,0.0633641
S4_MAIZE_PRESSURE,oneway,10,63.262196,0.0,7.51717779,28.220661,34.57974619,246.07881,211.341459,11020.5,0,0.6350330086580086,0.07908411535672921,0.9909263127480086,100.16664741406147,789248.0,,2035,29.5419,29.3321,14.0445,12.873,30.1671,30.4732,38.7496,38.6205,0.293799,0.317263,0.00845568,0.00765659,0.0633204,0.0634372
S4_MAIZE_PRESSURE,oneway,11,65.74491,0.0,6.0889127,27.166217,28.325415579999998,242.72984,220.9447115,11020.5,0,0.6350178441558442,0.07605066137328946,0.9913741344166115,100.17796228817603,795822.0,,2036,29.4993,29.2867,13.8296,12.606,30.2369,30.565,38.724,38.5937,0.298597,0.322542,0.00829353,0.00748432,0.0633418,0.0634768
S4_MAIZE_PRESSURE,oneway,12,66.743359,0.0,4.93201938,27.324648,22.664598023,239.5388,229.7965559,11020.5,0,0.6350025930735931,0.07348237812865334,0.9918752980611435,100.19062042845603,801782.0,,2037,29.4684,29.314,13.6372,12.5413,30.3143,30.6777,38.7041,38.6036,0.302995,0.324939,0.00814537,0.00740599,0.0633757,0.0635891
S4_MAIZE_PRESSURE,oneway,13,68.802103,0.0,3.99493703,26.202949,17.781738095,236.36981,237.848459,11020.5,0,0.6349877272727272,0.07130518258882233,0.9921992181754961,100.19879935957246,808501.0,,2038,29.4349,29.268,13.4382,12.3048,30.3899,30.7451,38.6833,38.5776,0.307455,0.329715,0.00799609,0.00725107,0.0634076,0.0636087
S4_MAIZE_PRESSURE,oneway,14,70.207262,0.0,3.23589361,25.556888999999998,14.631969582,232.45996,244.9082365,11020.5,0,0.6349732337662338,0.06945730018305514,0.9924148367055189,100.20424302306334,814853.0,,2039,29.402,29.2374,13.2459,12.1503,30.4596,30.7875,38.6631,38.5605,0.311571,0.33211,0.00785255,0.00713622,0.0634363,0.0636175
S4_MAIZE_PRESSURE,oneway,15,70.987853,0.0,2.62107343,25.391095,11.53175541,228.79839,251.66994899999997,11020.5,0,0.6349592597402598,0.06788697202429861,0.992667555355414,100.21062146728997,821180.0,,2040,29.3747,29.2388,13.0717,12.0794,30.5269,30.8433,38.646,38.5595,0.315248,0.333601,0.00771962,0.00705621,0.0634672,0.0636622
S4_MAIZE_PRESSURE,oneway,16,72.667653,0.0,2.123071999,24.209277,10.645988305,223.90642,257.4476605,11020.5,0,0.6349459393939394,0.06655090165910443,0.9926420606482341,100.20997793591218,828249.0,,2041,29.3395,29.1637,12.8913,11.8641,30.5793,30.8253,38.6256,38.5219,0.318613,0.335404,0.00758561,0.00691684,0.0634834,0.0635853
S4_MAIZE_PRESSURE,oneway,17,73.265785,0.0,1.719689932,24.014523,9.03271273,220.00193000000002,262.96538200000003,11020.5,0,0.6349333896103896,0.06541281223965013,0.9927642261983359,100.21306092780206,834811.0,,2042,29.3088,29.1554,12.7289,11.8042,30.6268,30.8501,38.6078,38.5172,0.3215,0.335909,0.00746205,0.00684544,0.0634989,0.0635962
S4_MAIZE_PRESSURE,twoway,0,4.16666,28.888351,58.2235419,7.7214279999999995,90.4608,386.83923599999997,14.700000000000001,11020.5,0,0.6350316017316017,0.16675684145156247,0.986836239790076,100.0,701203.0,,2025,29.7797,29.7797,15.1922,15.1922,29.7551,29.7551,38.9184,38.9184,0.241031,0.241031,0.00891325,0.00891325,0.0630949,0.0630949
S4_MAIZE_PRESSURE,twoway,1,4.749993,29.708277,48.947882899999996,15.593798,85.6843433,366.77872,39.53712,11020.5,0,0.6350642034632035,0.1497578693158225,0.9879961919141292,100.02765527734465,715138.0,,2026,29.813,29.9791,15.2522,15.594,29.785,29.9257,38.9345,39.0165,0.239947,0.23454,0.00892423,0.00897904,0.0631278,0.0633354
S4_MAIZE_PRESSURE,twoway,2,23.153506,14.447593,40.5671524,20.831734,80.42215159999999,349.15103,62.42700000000001,11020.5,0,0.6350840476190477,0.135496742080527,0.9875862026502265,100.05059497670767,726646.0,,2027,29.8132,29.8145,15.2302,15.1049,29.8102,29.9283,38.9303,38.9085,0.244668,0.268225,0.00893044,0.00896142,0.0631583,0.0633506
S4_MAIZE_PRESSURE,twoway,3,36.759126,3.547093,32.8593967,25.834388,75.3743224,332.98681999999997,83.638975,11020.5,0,0.6350939653679654,0.12352787643766407,0.9875129962892113,100.07253742813778,736009.0,,2028,29.7974,29.7182,15.165,14.7932,29.8351,29.9526,38.9156,38.8413,0.252677,0.292647,0.00897426,0.00919292,0.0631895,0.0633864
S4_MAIZE_PRESSURE,twoway,4,42.794859,0.5,26.616109,29.089018,70.0241676,318.92273,103.052957642,11020.5,0,0.6358219696969697,0.11316666328881997,0.9879916343705445,100.09131168284664,744108.0,,2029,29.7801,29.6938,15.0849,14.6286,29.8682,30.0234,38.9001,38.8212,0.260354,0.298668,0.00901289,0.0092057,0.0632227,0.0634316
S4_MAIZE_PRESSURE,twoway,5,46.39311,0.25,21.55905279,30.797795999999998,64.72054625999999,306.182329,121.09712119999999,11020.5,0,0.6386667186147187,0.10372572856299851,0.988574024926899,100.10660457353204,751332.0,,2030,29.7608,29.6645,14.9881,14.4372,29.9084,30.0973,38.8841,38.8029,0.266783,0.298865,0.00901891,0.00904892,0.0632537,0.0634489
S4_MAIZE_PRESSURE,twoway,6,50.428427,0.0,17.46281183,31.10873,58.64320987,295.566072,137.790706,11020.5,0,0.643856735930736,0.09538736786513531,0.9891026612262106,100.12052994427503,758396.0,,2031,29.7334,29.5967,14.8591,14.1243,29.9544,30.1705,38.8645,38.7649,0.272665,0.302017,0.00898654,0.008825,0.0632795,0.0634425
S4_MAIZE_PRESSURE,twoway,7,55.042031,0.0,14.144890460000001,29.813053999999998,53.23254128,285.60185,153.1656155,11020.5,0,0.6518617012987012,0.08870264748870829,0.9894570500859283,100.12949692347746,766067.0,,2032,29.688,29.4611,14.6783,13.6485,29.9982,30.204,38.8364,38.6941,0.278405,0.307054,0.00890571,0.00850231,0.0632895,0.063352
S4_MAIZE_PRESSURE,twoway,8,59.111545,0.0,11.45739178,28.431121,47.0479471,277.514502,167.4375408,11020.5,0,0.6633187489177489,0.08490894208814517,0.9898706555227978,100.139959270595,773710.0,,2033,29.6318,29.3515,14.4605,13.2196,30.0448,30.264,38.8033,38.6355,0.284127,0.312684,0.00879006,0.00821295,0.063292,0.0633078
S4_MAIZE_PRESSURE,twoway,9,61.240336,0.0,9.28046199,28.479193,40.70608394,247.10350499999998,204.190394,11020.5,0,0.6779518225108225,0.08555237775425939,0.9904209721242109,100.1538743631132,782582.0,,2034,29.584,29.3455,14.2502,13.0524,30.102,30.3706,38.7751,38.6317,0.289097,0.3139,0.0086158,0.00774616,0.0633018,0.0633641
S4_MAIZE_PRESSURE,twoway,10,62.376936,0.0,7.51717779,29.105922,34.57974619,246.07881,211.341459,11020.5,0,0.6941045064935065,0.09041663087843721,0.9910025526830032,100.16857401718401,789158.0,,2035,29.5504,29.3826,14.0641,13.0046,30.1709,30.495,38.7538,38.6457,0.293475,0.315321,0.00846605,0.0077187,0.0633281,0.0634934
S4_MAIZE_PRESSURE,twoway,11,64.84648,0.0,6.0889127,28.064642,28.325415579999998,242.72984,220.9447115,11020.5,0,0.7100619783549783,0.09728992834295747,0.9914515085678178,100.17991687699292,795728.0,,2036,29.5149,29.338,13.8662,12.7392,30.2439,30.5871,38.7316,38.6192,0.297999,0.320577,0.00831245,0.00754589,0.0633562,0.0635337
S4_MAIZE_PRESSURE,twoway,12,65.834279,0.0,4.93201938,28.233736,22.664598023,239.5388,229.7965559,11020.5,0,0.7252535411255412,0.10441436723424441,0.9919535894159137,100.19259746521698,801686.0,,2037,29.49,29.3658,13.6885,12.6761,30.324,30.7001,38.7148,38.6294,0.302164,0.322947,0.0081714,0.0074675,0.063396,0.0636468
S4_MAIZE_PRESSURE,twoway,13,67.884373,0.0,3.99493703,27.120674,17.781738095,236.36981,237.848459,11020.5,0,0.7388958441558442,0.11026977110180819,0.992278254472417,100.2007946903863,808403.0,,2038,29.4617,29.3202,13.5021,12.4405,30.4018,30.7677,38.6965,38.6036,0.306428,0.327709,0.00802792,0.00731187,0.0634331,0.0636668
S4_MAIZE_PRESSURE,twoway,14,69.032542,0.25,3.23589361,26.48161,14.631969582,232.45996,244.9082365,11020.5,0,0.7510279523809524,0.11457425141336294,0.9925160053733197,100.2062532365815,814718.0,,2039,29.4337,29.294,13.3219,12.2957,30.4739,30.8126,38.6788,38.5891,0.310266,0.329418,0.00788685,0.00718287,0.0634666,0.0636781
S4_MAIZE_PRESSURE,twoway,15,69.807473,0.25,2.62107343,26.321482,11.53175541,228.79839,251.66994899999997,11020.5,0,0.7616496320346321,0.11727653983243347,0.9927692114755399,100.21264361135877,821043.0,,2040,29.4106,29.2956,13.1582,12.2256,30.5431,30.8685,38.6639,38.5881,0.31371,0.330898,0.00775589,0.00710229,0.0635018,0.0637231
S4_MAIZE_PRESSURE,twoway,16,71.482683,0.25,2.123071999,25.144254,10.645988305,223.90642,257.4476605,11020.5,0,0.7708352943722944,0.11853946653443943,0.9927441120665321,100.21201009493407,828110.0,,2041,29.3789,29.2206,12.9868,12.0106,30.5971,30.8506,38.6453,38.5507,0.316881,0.332707,0.0076233,0.0069616,0.0635216,0.0636464
S4_MAIZE_PRESSURE,twoway,17,72.077095,0.25,1.719689932,24.953218,9.03271273,220.00193000000002,262.96538200000003,11020.5,0,0.7789573593073593,0.1188615863752087,0.9928665979877986,100.2151009793099,834669.0,,2042,29.3512,29.2126,12.8321,11.9511,30.6459,30.8754,38.6289,38.546,0.319606,0.333208,0.00750081,0.00688957,0.0635402,0.0636575
S4_MAIZE_PRESSURE,twoway_nolag,0,4.16666,28.888351,58.2235419,7.7214279999999995,90.4608,386.83923599999997,14.700000000000001,11020.5,0,0.6350316017316017,0.16675684145156247,0.986836239790076,100.0,701203.0,,2025,29.7797,29.7797,15.1922,15.1922,29.7551,29.7551,38.9184,38.9184,0.241031,0.241031,0.00891325,0.00891325,0.0630949,0.0630949
S4_MAIZE_PRESSURE,twoway_nolag,1,4.749993,29.708277,48.947882899999996,15.593798,85.6843433,366.77872,39.53712,11020.5,0,0.6350642034632035,0.1497578693158225,0.9879961919141292,100.02765527734465,715138.0,,2026,29.9791,29.9791,15.594,15.594,29.9257,29.9257,39.0165,39.0165,0.23454,0.23454,0.00897904,0.00897904,0.0633354,0.0633354
S4_MAIZE_PRESSURE,twoway_nolag,2,23.153506,14.447593,40.5671524,20.831734,80.42215159999999,349.15103,62.42700000000001,11020.5,0,0.6350840476190477,0.135496742080527,0.9875862026502265,100.05059497670767,726646.0,,2027,29.8145,29.8145,15.1049,15.1049,29.9283,29.9283,38.9085,38.9085,0.268225,0.268225,0.00896142,0.00896142,0.0633506,0.0633506
S4_MAIZE_PRESSURE,twoway_nolag,3,36.759126,3.547093,32.8593967,25.834388,75.3743224,332.98681999999997,83.638975,11020.5,0,0.6374217922077923,0.12246290716358414,0.9875129962892113,100.07253742813778,736009.0,,2028,29.7182,29.7182,14.7932,14.7932,29.9526,29.9526,38.8413,38.8413,0.292647,0.292647,0.00919292,0.00919292,0.0633864,0.0633864
S4_MAIZE_PRESSURE,twoway_nolag,4,42.544859,0.75,26.616109,29.089018,70.0241676,318.92273,103.052957642,11020.5,0,0.6479427662337662,0.10927698823363811,0.9880131647502042,100.09131168284664,744073.0,,2029,29.6977,29.6977,14.6375,14.6375,30.0255,30.0255,38.8235,38.8235,0.297948,0.297948,0.00919641,0.00919641,0.0634335,0.0634335
S4_MAIZE_PRESSURE,twoway_nolag,5,45.637266,0.25,21.55905279,31.553636,64.72054625999999,306.182329,121.09712119999999,11020.5,0,0.6609420735930736,0.10027922130634846,0.9886391193554801,100.10825248481208,751254.0,,2030,29.7082,29.7082,14.5511,14.5511,30.116,30.116,38.8246,38.8246,0.297097,0.297097,0.0091144,0.0091144,0.0634974,0.0634974
S4_MAIZE_PRESSURE,twoway_nolag,6,49.384827,0.25,17.46281183,31.902324,58.55376287,295.655522,137.790706,11020.5,0,0.6738583679653679,0.09585227188692894,0.989200240950779,100.12245437940246,758270.0,,2031,29.6474,29.6474,14.2527,14.2527,30.1945,30.1945,38.7904,38.7904,0.299554,0.299554,0.00888075,0.00888075,0.063498,0.063498
S4_MAIZE_PRESSURE,twoway_nolag,7,54.217861,0.0,14.144890460000001,30.637227999999997,52.99175728,285.84263500000003,153.1656155,11020.5,0,0.6906578354978354,0.09721603426045179,0.9895487655450753,100.13181717230741,765959.0,,2032,29.511,29.511,13.7723,13.7723,30.2298,30.2298,38.7187,38.7187,0.305403,0.305403,0.00856862,0.00856862,0.0634115,0.0634115
S4_MAIZE_PRESSURE,twoway_nolag,8,58.262605,0.0,11.45739178,29.280065999999998,46.8071661,277.75529,167.4375408,11020.5,0,0.7122608571428573,0.10608656104616283,0.989964503958913,100.14233274910247,773598.0,,2033,29.4026,29.4026,13.3467,13.3467,30.2904,30.2904,38.6608,38.6608,0.311011,0.311011,0.00827864,0.00827864,0.0633687,0.0633687
S4_MAIZE_PRESSURE,twoway_nolag,9,60.121326,0.25,9.28046199,29.348201999999997,40.46530294,247.34428,204.190394,11020.5,0,0.7335507835497835,0.11732976979487418,0.9905380793831197,100.15629050454753,782432.0,,2034,29.4016,29.4016,13.1912,13.1912,30.3998,30.3998,38.6598,38.6598,0.311511,0.311511,0.00779663,0.00779663,0.0634283,0.0634283
S4_MAIZE_PRESSURE,twoway_nolag,10,62.126936,0.25,7.51717779,29.105922,34.33896419,246.31958,211.341459,11020.5,0,0.7492723766233766,0.12358085632309253,0.9910448195641451,100.16909798831983,789094.0,,2035,29.3891,29.3891,13.014,13.014,30.5029,30.5029,38.6491,38.6491,0.31485,0.31485,0.00770703,0.00770703,0.0635025,0.0635025
S4_MAIZE_PRESSURE,twoway_nolag,11,64.59648,0.25,6.0889127,28.064642,28.08463158,242.97062,220.9447115,11020.5,0,0.7615352034632035,0.1262807260823116,0.9914937756277067,100.18044069192578,795664.0,,2036,29.3444,29.3444,12.7486,12.7486,30.5949,30.5949,38.6226,38.6226,0.320114,0.320114,0.00753388,0.00753388,0.0635428,0.0635428
S4_MAIZE_PRESSURE,twoway_nolag,12,65.584279,0.25,4.93201938,28.233736,22.430406023,239.77299,229.7965559,11020.5,0,0.7721196926406926,0.12736886615460413,0.9919952887643594,100.19310675035213,801622.0,,2037,29.3722,29.3722,12.6855,12.6855,30.7079,30.7079,38.6328,38.6328,0.322484,0.322484,0.00745535,0.00745535,0.0636556,0.0636556
S4_MAIZE_PRESSURE,twoway_nolag,13,67.39891,0.485463,3.99493703,27.120674,17.547546095,236.604,237.848459,11020.5,0,0.7800620865800866,0.1260399596334133,0.9923402322517935,100.20130385054217,808305.0,,2038,29.3304,29.3304,12.4582,12.4582,30.7776,30.7776,38.6092,38.6092,0.326614,0.326614,0.00728699,0.00728699,0.0636776,0.0636776
S4_MAIZE_PRESSURE,twoway_nolag,14,68.794317,0.488225,3.23589361,26.48161,14.397787582,232.69414,244.9082365,11020.5,0,0.7875214718614719,0.12474922700510825,0.9925566897789952,100.20676229179853,814653.0,,2039,29.3002,29.3002,12.3047,12.3047,30.8203,30.8203,38.5923,38.5923,0.329,0.329,0.00717095,0.00717095,0.0636869,0.0636869
S4_MAIZE_PRESSURE,twoway_nolag,15,69.317011,0.740462,2.62107343,26.321482,11.29756441,229.03258,251.66994899999997,11020.5,0,0.794065961038961,0.1229964838711404,0.9928316196902549,100.21315259093193,820941.0,,2040,29.3058,29.3058,12.2434,12.2434,30.8785,30.8785,38.5938,38.5938,0.329808,0.329808,0.00707669,0.00707669,0.063734,0.063734
S4_MAIZE_PRESSURE,twoway_nolag,16,70.990409,0.742274,2.123071999,25.144254,10.411796305,224.14061,257.4476605,11020.5,0,0.7995300909090909,0.12071895081002947,0.9928066764191776,100.21251908416014,828006.0,,2041,29.2308,29.2308,12.0284,12.0284,30.8606,30.8606,38.5563,38.5563,0.331621,0.331621,0.0069355,0.0069355,0.0636573,0.0636573
S4_MAIZE_PRESSURE,twoway_nolag,17,71.333353,0.993742,1.719689932,24.953218,8.79852473,220.23611,262.96538200000003,11020.5,0,0.8051007965367966,0.11907844342798721,0.992950818798312,100.21560989971054,834528.0,,2042,29.2268,29.2268,11.9778,11.9778,30.8878,30.8878,38.554,38.554,0.331461,0.331461,0.00684959,0.00684959,0.0636705,0.0636705
S5_INTEGRATED,uncoupled,0,4.16666,28.888351,58.2235419,7.7214279999999995,90.4608,386.83923599999997,14.700000000000001,11020.5,0,0.6350316017316017,0.16675684145156247,0.986836239790076,100.0,701203.0,,2025,,,,,,,,,,,,,,
S5_INTEGRATED,uncoupled,1,4.41666,30.04161,48.947882899999996,15.593798,62.676074799999995,367.433885,61.890179,11020.5,0,0.6350642034632035,0.1497578693158225,0.9900064059937499,100.07790092931953,892655.0,,2026,,,,,,,,,,,,,,
S5_INTEGRATED,uncoupled,2,4.333327,30.553925,42.886558199999996,21.226141,43.4888196,350.24113475,98.27005,11020.5,0,0.6606238701298702,0.1247817561056121,0.9921880286657847,100.13201727430992,904066.0,,2027,,,,,,,,,,,,,,
S5_INTEGRATED,uncoupled,3,4.333327,30.820597,37.9894871,25.856541,30.1981586,334.0958053,127.70603200000001,11020.5,0,0.684864264069264,0.10514515565985111,0.9937543837553484,100.17103784670196,981778.0,,2028,,,,,,,,,,,,,,
S5_INTEGRATED,uncoupled,4,3.66666,32.3368732,34.0439226,28.952498,20.9692455,320.3385348,150.692218,11020.5,0,0.7029962813852815,0.09234354912891764,0.9949464041388222,100.19784708300594,993931.0,,2029,,,,,,,,,,,,,,
S5_INTEGRATED,uncoupled,5,3.66666,33.1293823,31.6520181,30.551894,14.56084586,308.1170508,169.32214399999998,11020.5,0,0.720236077922078,0.08057425693959464,0.995704299704498,100.21525431863813,1005810.0,,2030,,,,,,,,,,,,,,
S5_INTEGRATED,uncoupled,6,3.66666,33.5616622,31.3246118,30.447024000000003,10.11084902,297.5654903,184.3236398,11020.5,0,0.7357899393939394,0.07164567977864492,0.9961157368932315,100.2246957166995,1017070.0,,2031,,,,,,,,,,,,,,
S5_INTEGRATED,uncoupled,7,3.66666,35.520019,31.1415702,28.671707,7.020875480000001,287.8445988,197.1345323,11020.5,0,0.7502992597402598,0.06415539497374008,0.9963976139332488,100.2275518695536,1028840.0,,2032,,,,,,,,,,,,,,
S5_INTEGRATED,uncoupled,8,3.66666,37.0897296,31.2266519,27.016927,4.875216,279.365616,207.7591848,11020.5,0,0.7627892337662339,0.058844039920179884,0.9965750740257203,100.22861826551855,1040610.0,,2033,,,,,,,,,,,,,,
S5_INTEGRATED,uncoupled,9,3.66666,36.9318489,31.5574067,26.844047,3.3852955400000004,272.0039485,216.610786,11020.5,0,0.7728470952380952,0.0552292709114314,0.9966749031335768,100.23147923042137,1051950.0,,2034,,,,,,,,,,,,,,
S5_INTEGRATED,uncoupled,10,3.66666,37.2586087,31.5138582,26.560837,2.35071311,265.6626495,223.9864432,11020.5,0,0.7826059999999999,0.051150534764088006,0.9967677533432929,100.23311079955086,1063320.0,,2035,,,,,,,,,,,,,,
S5_INTEGRATED,uncoupled,11,3.66666,38.1461022,31.70077684,25.486427,1.6323101599999998,260.310517,230.0568781,11020.5,0,0.7907055281385281,0.04826319094279537,0.9968135255524787,100.23233730810665,1074700.0,,2036,,,,,,,,,,,,,,
S5_INTEGRATED,uncoupled,12,3.66666,37.7805905,32.06690006,25.48581,1.133456088,255.4032015,235.46361629999998,11020.5,0,0.7979597878787879,0.04622213695155011,0.9968249566891773,100.23342074511186,1085840.0,,2037,,,,,,,,,,,,,,
S5_INTEGRATED,uncoupled,13,3.66666,38.696486,32.285795560000004,24.35102,0.7870626399999999,251.6121865,239.6009516,11020.5,0,0.8041142034632035,0.04493548796458034,0.9968359369860507,100.23170812375643,1097440.0,,2038,,,,,,,,,,,,,,
S5_INTEGRATED,uncoupled,14,3.66666,38.7799576,32.859010420000004,23.69435,0.5465258319999999,248.8860325,242.5675767,11020.5,0,0.8095373722943723,0.04365314518455994,0.9968072862342455,100.23080406994534,1108890.0,,2039,,,,,,,,,,,,,,
S5_INTEGRATED,uncoupled,15,3.66666,38.3123899,33.50098197,23.51993,0.37950116,246.931779,244.68862495,11020.5,0,0.8143372857142857,0.043063179530986935,0.9967663830202699,100.23078750639529,1120400.0,,2040,,,,,,,,,,,,,,
S5_INTEGRATED,uncoupled,16,3.66666,38.7824735,34.21966915,22.33116,0.263521862,238.62979025,253.10674749999998,11020.5,0,0.8182528571428572,0.0418382169221792,0.9967144769462294,100.22845744675072,1131940.0,,2041,,,,,,,,,,,,,,
S5_INTEGRATED,uncoupled,17,3.66666,38.4030519,34.799498140000004,22.13075,0.182986497,232.1760998,259.64063880000003,11020.5,0,0.8220953376623377,0.04108690886971296,0.9966714769250288,100.22819630942253,1143330.0,,2042,,,,,,,,,,,,,,
S5_INTEGRATED,oneway,0,4.16666,28.888351,58.2235419,7.7214279999999995,90.4608,386.83923599999997,14.700000000000001,11020.5,0,0.6350316017316017,0.16675684145156247,0.986836239790076,100.0,701203.0,,2025,29.7797,29.7797,15.1922,15.1922,29.7551,29.7551,38.9184,38.9184,0.241031,0.241031,0.00891325,0.00891325,0.0630949,0.0630949
S5_INTEGRATED,oneway,1,4.41666,30.04161,48.947882899999996,15.593798,62.676074799999995,367.433885,61.890179,11020.5,0,0.6350642034632035,0.1497578693158225,0.9900064059937499,100.07790092931953,892655.0,,2026,29.8551,30.2313,15.2644,15.6754,29.8794,30.4635,38.9525,39.1255,0.243598,0.256405,0.00886971,0.0086524,0.0632181,0.0639949
S5_INTEGRATED,oneway,2,4.333327,30.553925,42.886558199999996,21.226141,43.4888196,350.24113475,98.27005,11020.5,0,0.6606238701298702,0.1247817561056121,0.9921880286657847,100.13201727430992,904066.0,,2027,29.9735,30.5643,15.3837,16.0629,30.0695,30.9631,39.0062,39.2786,0.247142,0.264834,0.00880787,0.00849927,0.0634129,0.0646406
S5_INTEGRATED,oneway,3,4.333327,30.820597,37.9894871,25.856541,30.1981586,334.0958053,127.70603200000001,11020.5,0,0.684864264069264,0.10514515565985111,0.9937543837553484,100.17103784670196,981778.0,,2028,30.1136,30.813,15.5322,16.378,30.2884,31.3173,39.07,39.3936,0.250632,0.268047,0.00873912,0.00839601,0.0636442,0.0651023
S5_INTEGRATED,oneway,4,3.66666,32.3368732,34.0439226,28.952498,20.9692455,320.3385348,150.692218,11020.5,0,0.7029962813852815,0.09234354912891764,0.9949464041388222,100.19784708300594,993931.0,,2029,30.2584,30.981,15.6883,16.5777,30.5122,31.5636,39.1363,39.4732,0.253412,0.267284,0.00865863,0.00825695,0.0638846,0.0653994
S5_INTEGRATED,oneway,5,3.66666,33.1293823,31.6520181,30.551894,14.56084586,308.1170508,169.32214399999998,11020.5,0,0.720236077922078,0.08057425693959464,0.995704299704498,100.21525431863813,1005810.0,,2030,30.3945,31.0735,15.8326,16.6544,30.7247,31.7236,39.1989,39.5166,0.255925,0.268465,0.00856237,0.008082,0.0641168,0.0655802
S5_INTEGRATED,oneway,6,3.66666,33.5616622,31.3246118,30.447024000000003,10.11084902,297.5654903,184.3236398,11020.5,0,0.7357899393939394,0.07164567977864492,0.9961157368932315,100.2246957166995,1017070.0,,2031,30.5141,31.1112,15.953,16.6385,30.9173,31.8226,39.2541,39.534,0.258765,0.27294,0.00844526,0.00786079,0.0643309,0.0656806
S5_INTEGRATED,oneway,7,3.66666,35.520019,31.1415702,28.671707,7.020875480000001,287.8445988,197.1345323,11020.5,0,0.7502992597402598,0.06415539497374008,0.9963976139332488,100.2275518695536,1028840.0,,2032,30.6059,31.0638,16.024,16.4286,31.083,31.8615,39.2967,39.5128,0.261961,0.277913,0.00828859,0.00750672,0.0645114,0.065649
S5_INTEGRATED,oneway,8,3.66666,37.0897296,31.2266519,27.016927,4.875216,279.365616,207.7591848,11020.5,0,0.7627892337662339,0.058844039920179884,0.9965750740257203,100.22861826551855,1040610.0,,2033,30.6744,31.0168,16.057,16.2451,31.2232,31.8823,39.3288,39.4917,0.265366,0.282357,0.00810862,0.00721048,0.0646616,0.0656084
S5_INTEGRATED,oneway,9,3.66666,36.9318489,31.5574067,26.844047,3.3852955400000004,272.0039485,216.610786,11020.5,0,0.7728470952380952,0.0552292709114314,0.9966749031335768,100.23147923042137,1051950.0,,2034,30.7342,31.0324,16.0856,16.2486,31.3448,31.9158,39.3569,39.4992,0.26863,0.284918,0.00793902,0.00709264,0.0647965,0.0656465
S5_INTEGRATED,oneway,10,3.66666,37.2586087,31.5138582,26.560837,2.35071311,265.6626495,223.9864432,11020.5,0,0.7826059999999999,0.051150534764088006,0.9967677533432929,100.23311079955086,1063320.0,,2035,30.7837,31.0307,16.1052,16.2166,31.4482,31.9341,39.3803,39.4991,0.271586,0.28634,0.0077772,0.00696963,0.0649137,0.0656524
S5_INTEGRATED,oneway,11,3.66666,38.1461022,31.70077684,25.486427,1.6323101599999998,260.310517,230.0568781,11020.5,0,0.7907055281385281,0.04826319094279537,0.9968135255524787,100.23233730810665,1074700.0,,2036,30.8191,30.9955,16.1048,16.1029,31.5332,31.9328,39.3972,39.4834,0.274456,0.28878,0.00761391,0.00679901,0.0650092,0.0656116
S5_INTEGRATED,oneway,12,3.66666,37.7805905,32.06690006,25.48581,1.133456088,255.4032015,235.46361629999998,11020.5,0,0.7979597878787879,0.04622213695155011,0.9968249566891773,100.23342074511186,1085840.0,,2037,30.8507,31.0084,16.1079,16.1253,31.6057,31.9465,39.4124,39.4896,0.277057,0.290035,0.00746871,0.00674408,0.0650949,0.0656349
S5_INTEGRATED,oneway,13,3.66666,38.696486,32.285795560000004,24.35102,0.7870626399999999,251.6121865,239.6009516,11020.5,0,0.8041142034632035,0.04493548796458034,0.9968359369860507,100.23170812375643,1097440.0,,2038,30.8701,30.9672,16.0925,16.005,31.6636,31.9358,39.4221,39.471,0.279588,0.292217,0.00732314,0.00659668,0.0651617,0.0655823
S5_INTEGRATED,oneway,14,3.66666,38.7799576,32.859010420000004,23.69435,0.5465258319999999,248.8860325,242.5675767,11020.5,0,0.8095373722943723,0.04365314518455994,0.9968072862342455,100.23080406994534,1108890.0,,2039,30.8839,30.9526,16.0728,15.9605,31.711,31.9336,39.429,39.4642,0.282055,0.294369,0.00718932,0.00652152,0.0652174,0.0655688
S5_INTEGRATED,oneway,15,3.66666,38.3123899,33.50098197,23.51993,0.37950116,246.931779,244.68862495,11020.5,0,0.8143372857142857,0.043063179530986935,0.9967663830202699,100.23078750639529,1120400.0,,2040,30.8965,30.9596,16.0584,15.9764,31.751,31.9388,39.4353,39.4673,0.284376,0.295956,0.00707479,0.00650319,0.0652677,0.065585
S5_INTEGRATED,oneway,16,3.66666,38.7824735,34.21966915,22.33116,0.263521862,238.62979025,253.10674749999998,11020.5,0,0.8182528571428572,0.0418382169221792,0.9967144769462294,100.22845744675072,1131940.0,,2041,30.901,30.9237,16.0314,15.8775,31.7815,31.9248,39.438,39.4515,0.286803,0.298916,0.00694903,0.00632143,0.0653046,0.0655369
S5_INTEGRATED,oneway,17,3.66666,38.4030519,34.799498140000004,22.13075,0.182986497,232.1760998,259.64063880000003,11020.5,0,0.8220953376623377,0.04108690886971296,0.9966714769250288,100.22819630942253,1143330.0,,2042,30.9055,30.9277,16.0099,15.8872,31.8069,31.9266,39.4406,39.4539,0.289046,0.300239,0.00683176,0.00624654,0.0653372,0.0655428
S5_INTEGRATED,twoway,0,4.16666,28.888351,58.2235419,7.7214279999999995,90.4608,386.83923599999997,14.700000000000001,11020.5,0,0.6350316017316017,0.16675684145156247,0.986836239790076,100.0,701203.0,,2025,29.7797,29.7797,15.1922,15.1922,29.7551,29.7551,38.9184,38.9184,0.241031,0.241031,0.00891325,0.00891325,0.0630949,0.0630949
S5_INTEGRATED,twoway,1,4.41666,30.04161,48.947882899999996,15.593798,62.676074799999995,367.433885,61.890179,11020.5,0,0.6350642034632035,0.1497578693158225,0.9900064059937499,100.07790092931953,892655.0,,2026,29.8551,30.2313,15.2644,15.6754,29.8794,30.4635,38.9525,39.1255,0.243598,0.256405,0.00886971,0.0086524,0.0632181,0.0639949
S5_INTEGRATED,twoway,2,4.333327,30.553925,42.886558199999996,21.226141,43.4888196,350.24113475,98.27005,11020.5,0,0.6606238701298702,0.1247817561056121,0.9921880286657847,100.13201727430992,904066.0,,2027,29.9735,30.5643,15.3837,16.0629,30.0695,30.9631,39.0062,39.2786,0.247142,0.264834,0.00880787,0.00849927,0.0634129,0.0646406
S5_INTEGRATED,twoway,3,4.333327,30.820597,37.9894871,25.856541,30.1981586,334.0958053,127.70603200000001,11020.5,0,0.684864264069264,0.10514515565985111,0.9937543837553484,100.17103784670196,981778.0,,2028,30.1136,30.813,15.5322,16.378,30.2884,31.3173,39.07,39.3936,0.250632,0.268047,0.00873912,0.00839601,0.0636442,0.0651023
S5_INTEGRATED,twoway,4,3.66666,32.3368732,34.0439226,28.952498,20.9692455,320.3385348,150.692218,11020.5,0,0.7029962813852815,0.09234354912891764,0.9949464041388222,100.19784708300594,993931.0,,2029,30.2584,30.981,15.6883,16.5777,30.5122,31.5636,39.1363,39.4732,0.253412,0.267284,0.00865863,0.00825695,0.0638846,0.0653994
S5_INTEGRATED,twoway,5,3.66666,33.1293823,31.6520181,30.551894,14.56084586,308.1170508,169.32214399999998,11020.5,0,0.720236077922078,0.08057425693959464,0.995704299704498,100.21525431863813,1005810.0,,2030,30.3945,31.0735,15.8326,16.6544,30.7247,31.7236,39.1989,39.5166,0.255925,0.268465,0.00856237,0.008082,0.0641168,0.0655802
S5_INTEGRATED,twoway,6,3.66666,33.5616622,31.3246118,30.447024000000003,10.11084902,297.5654903,184.3236398,11020.5,0,0.7357899393939394,0.07164567977864492,0.9961157368932315,100.2246957166995,1017070.0,,2031,30.5141,31.1112,15.953,16.6385,30.9173,31.8226,39.2541,39.534,0.258765,0.27294,0.00844526,0.00786079,0.0643309,0.0656806
S5_INTEGRATED,twoway,7,3.66666,35.520019,31.1415702,28.671707,7.020875480000001,287.8445988,197.1345323,11020.5,0,0.7502992597402598,0.06415539497374008,0.9963976139332488,100.2275518695536,1028840.0,,2032,30.6059,31.0638,16.024,16.4286,31.083,31.8615,39.2967,39.5128,0.261961,0.277913,0.00828859,0.00750672,0.0645114,0.065649
S5_INTEGRATED,twoway,8,3.66666,37.0897296,31.2266519,27.016927,4.875216,279.365616,207.7591848,11020.5,0,0.7627892337662339,0.058844039920179884,0.9965750740257203,100.22861826551855,1040610.0,,2033,30.6744,31.0168,16.057,16.2451,31.2232,31.8823,39.3288,39.4917,0.265366,0.282357,0.00810862,0.00721048,0.0646616,0.0656084
S5_INTEGRATED,twoway,9,3.66666,36.9318489,31.5574067,26.844047,3.3852955400000004,272.0039485,216.610786,11020.5,0,0.7728470952380952,0.0552292709114314,0.9966749031335768,100.23147923042137,1051950.0,,2034,30.7342,31.0324,16.0856,16.2486,31.3448,31.9158,39.3569,39.4992,0.26863,0.284918,0.00793902,0.00709264,0.0647965,0.0656465
S5_INTEGRATED,twoway,10,3.66666,37.2586087,31.5138582,26.560837,2.35071311,265.6626495,223.9864432,11020.5,0,0.7826059999999999,0.051150534764088006,0.9967677533432929,100.23311079955086,1063320.0,,2035,30.7837,31.0307,16.1052,16.2166,31.4482,31.9341,39.3803,39.4991,0.271586,0.28634,0.0077772,0.00696963,0.0649137,0.0656524
S5_INTEGRATED,twoway,11,3.66666,38.1461022,31.70077684,25.486427,1.6323101599999998,260.310517,230.0568781,11020.5,0,0.7907055281385281,0.04826319094279537,0.9968135255524787,100.23233730810665,1074700.0,,2036,30.8191,30.9955,16.1048,16.1029,31.5332,31.9328,39.3972,39.4834,0.274456,0.28878,0.00761391,0.00679901,0.0650092,0.0656116
S5_INTEGRATED,twoway,12,3.66666,37.7805905,32.06690006,25.48581,1.133456088,255.4032015,235.46361629999998,11020.5,0,0.7979597878787879,0.04622213695155011,0.9968249566891773,100.23342074511186,1085840.0,,2037,30.8507,31.0084,16.1079,16.1253,31.6057,31.9465,39.4124,39.4896,0.277057,0.290035,0.00746871,0.00674408,0.0650949,0.0656349
S5_INTEGRATED,twoway,13,3.66666,38.696486,32.285795560000004,24.35102,0.7870626399999999,251.6121865,239.6009516,11020.5,0,0.8041142034632035,0.04493548796458034,0.9968359369860507,100.23170812375643,1097440.0,,2038,30.8701,30.9672,16.0925,16.005,31.6636,31.9358,39.4221,39.471,0.279588,0.292217,0.00732314,0.00659668,0.0651617,0.0655823
S5_INTEGRATED,twoway,14,3.66666,38.7799576,32.859010420000004,23.69435,0.5465258319999999,248.8860325,242.5675767,11020.5,0,0.8095373722943723,0.04365314518455994,0.9968072862342455,100.23080406994534,1108890.0,,2039,30.8839,30.9526,16.0728,15.9605,31.711,31.9336,39.429,39.4642,0.282055,0.294369,0.00718932,0.00652152,0.0652174,0.0655688
S5_INTEGRATED,twoway,15,3.66666,38.3123899,33.50098197,23.51993,0.37950116,246.931779,244.68862495,11020.5,0,0.8143372857142857,0.043063179530986935,0.9967663830202699,100.23078750639529,1120400.0,,2040,30.8965,30.9596,16.0584,15.9764,31.751,31.9388,39.4353,39.4673,0.284376,0.295956,0.00707479,0.00650319,0.0652677,0.065585
S5_INTEGRATED,twoway,16,3.66666,38.7824735,34.21966915,22.33116,0.263521862,238.62979025,253.10674749999998,11020.5,0,0.8182528571428572,0.0418382169221792,0.9967144769462294,100.22845744675072,1131940.0,,2041,30.901,30.9237,16.0314,15.8775,31.7815,31.9248,39.438,39.4515,0.286803,0.298916,0.00694903,0.00632143,0.0653046,0.0655369
S5_INTEGRATED,twoway,17,3.66666,38.4030519,34.799498140000004,22.13075,0.182986497,232.1760998,259.64063880000003,11020.5,0,0.8220953376623377,0.04108690886971296,0.9966714769250288,100.22819630942253,1143330.0,,2042,30.9055,30.9277,16.0099,15.8872,31.8069,31.9266,39.4406,39.4539,0.289046,0.300239,0.00683176,0.00624654,0.0653372,0.0655428
S5_INTEGRATED,twoway_nolag,0,4.16666,28.888351,58.2235419,7.7214279999999995,90.4608,386.83923599999997,14.700000000000001,11020.5,0,0.6350316017316017,0.16675684145156247,0.986836239790076,100.0,701203.0,,2025,29.7797,29.7797,15.1922,15.1922,29.7551,29.7551,38.9184,38.9184,0.241031,0.241031,0.00891325,0.00891325,0.0630949,0.0630949
S5_INTEGRATED,twoway_nolag,1,4.41666,30.04161,48.947882899999996,15.593798,62.676074799999995,367.433885,61.890179,11020.5,0,0.6350642034632035,0.1497578693158225,0.9900064059937499,100.07790092931953,892655.0,,2026,30.2313,30.2313,15.6754,15.6754,30.4635,30.4635,39.1255,39.1255,0.256405,0.256405,0.0086524,0.0086524,0.0639949,0.0639949
S5_INTEGRATED,twoway_nolag,2,4.333327,30.553925,42.886558199999996,21.226141,43.4888196,350.24113475,98.27005,11020.5,0,0.6606238701298702,0.1247817561056121,0.9921880286657847,100.13201727430992,904066.0,,2027,30.5643,30.5643,16.0629,16.0629,30.9631,30.9631,39.2786,39.2786,0.264834,0.264834,0.00849927,0.00849927,0.0646406,0.0646406
S5_INTEGRATED,twoway_nolag,3,4.333327,30.820597,37.9894871,25.856541,30.1981586,334.0958053,127.70603200000001,11020.5,0,0.684864264069264,0.10514515565985111,0.9937543837553484,100.17103784670196,981778.0,,2028,30.813,30.813,16.378,16.378,31.3173,31.3173,39.3936,39.3936,0.268047,0.268047,0.00839601,0.00839601,0.0651023,0.0651023
S5_INTEGRATED,twoway_nolag,4,3.66666,32.3368732,34.0439226,28.952498,20.9692455,320.3385348,150.692218,11020.5,0,0.7029962813852815,0.09234354912891764,0.9949464041388222,100.19784708300594,993931.0,,2029,30.981,30.981,16.5777,16.5777,31.5636,31.5636,39.4732,39.4732,0.267284,0.267284,0.00825695,0.00825695,0.0653994,0.0653994
S5_INTEGRATED,twoway_nolag,5,3.66666,33.1293823,31.6520181,30.551894,14.56084586,308.1170508,169.32214399999998,11020.5,0,0.720236077922078,0.08057425693959464,0.995704299704498,100.21525431863813,1005810.0,,2030,31.0735,31.0735,16.6544,16.6544,31.7236,31.7236,39.5166,39.5166,0.268465,0.268465,0.008082,0.008082,0.0655802,0.0655802
S5_INTEGRATED,twoway_nolag,6,3.66666,33.5616622,31.3246118,30.447024000000003,10.11084902,297.5654903,184.3236398,11020.5,0,0.7357899393939394,0.07164567977864492,0.9961157368932315,100.2246957166995,1017070.0,,2031,31.1112,31.1112,16.6385,16.6385,31.8226,31.8226,39.534,39.534,0.27294,0.27294,0.00786079,0.00786079,0.0656806,0.0656806
S5_INTEGRATED,twoway_nolag,7,3.66666,35.520019,31.1415702,28.671707,7.020875480000001,287.8445988,197.1345323,11020.5,0,0.7502992597402598,0.06415539497374008,0.9963976139332488,100.2275518695536,1028840.0,,2032,31.0638,31.0638,16.4286,16.4286,31.8615,31.8615,39.5128,39.5128,0.277913,0.277913,0.00750672,0.00750672,0.065649,0.065649
S5_INTEGRATED,twoway_nolag,8,3.66666,37.0897296,31.2266519,27.016927,4.875216,279.365616,207.7591848,11020.5,0,0.7627892337662339,0.058844039920179884,0.9965750740257203,100.22861826551855,1040610.0,,2033,31.0168,31.0168,16.2451,16.2451,31.8823,31.8823,39.4917,39.4917,0.282357,0.282357,0.00721048,0.00721048,0.0656084,0.0656084
S5_INTEGRATED,twoway_nolag,9,3.66666,36.9318489,31.5574067,26.844047,3.3852955400000004,272.0039485,216.610786,11020.5,0,0.7728470952380952,0.0552292709114314,0.9966749031335768,100.23147923042137,1051950.0,,2034,31.0324,31.0324,16.2486,16.2486,31.9158,31.9158,39.4992,39.4992,0.284918,0.284918,0.00709264,0.00709264,0.0656465,0.0656465
S5_INTEGRATED,twoway_nolag,10,3.66666,37.2586087,31.5138582,26.560837,2.35071311,265.6626495,223.9864432,11020.5,0,0.7826059999999999,0.051150534764088006,0.9967677533432929,100.23311079955086,1063320.0,,2035,31.0307,31.0307,16.2166,16.2166,31.9341,31.9341,39.4991,39.4991,0.28634,0.28634,0.00696963,0.00696963,0.0656524,0.0656524
S5_INTEGRATED,twoway_nolag,11,3.66666,38.1461022,31.70077684,25.486427,1.6323101599999998,260.310517,230.0568781,11020.5,0,0.7907055281385281,0.04826319094279537,0.9968135255524787,100.23233730810665,1074700.0,,2036,30.9955,30.9955,16.1029,16.1029,31.9328,31.9328,39.4834,39.4834,0.28878,0.28878,0.00679901,0.00679901,0.0656116,0.0656116
S5_INTEGRATED,twoway_nolag,12,3.66666,37.7805905,32.06690006,25.48581,1.133456088,255.4032015,235.46361629999998,11020.5,0,0.7979597878787879,0.04622213695155011,0.9968249566891773,100.23342074511186,1085840.0,,2037,31.0084,31.0084,16.1253,16.1253,31.9465,31.9465,39.4896,39.4896,0.290035,0.290035,0.00674408,0.00674408,0.0656349,0.0656349
S5_INTEGRATED,twoway_nolag,13,3.66666,38.696486,32.285795560000004,24.35102,0.7870626399999999,251.6121865,239.6009516,11020.5,0,0.8041142034632035,0.04493548796458034,0.9968359369860507,100.23170812375643,1097440.0,,2038,30.9672,30.9672,16.005,16.005,31.9358,31.9358,39.471,39.471,0.292217,0.292217,0.00659668,0.00659668,0.0655823,0.0655823
S5_INTEGRATED,twoway_nolag,14,3.66666,38.7799576,32.859010420000004,23.69435,0.5465258319999999,248.8860325,242.5675767,11020.5,0,0.8095373722943723,0.04365314518455994,0.9968072862342455,100.23080406994534,1108890.0,,2039,30.9526,30.9526,15.9605,15.9605,31.9336,31.9336,39.4642,39.4642,0.294369,0.294369,0.00652152,0.00652152,0.0655688,0.0655688
S5_INTEGRATED,twoway_nolag,15,3.66666,38.3123899,33.50098197,23.51993,0.37950116,246.931779,244.68862495,11020.5,0,0.8143372857142857,0.043063179530986935,0.9967663830202699,100.23078750639529,1120400.0,,2040,30.9596,30.9596,15.9764,15.9764,31.9388,31.9388,39.4673,39.4673,0.295956,0.295956,0.00650319,0.00650319,0.065585,0.065585
S5_INTEGRATED,twoway_nolag,16,3.66666,38.7824735,34.21966915,22.33116,0.263521862,238.62979025,253.10674749999998,11020.5,0,0.8182528571428572,0.0418382169221792,0.9967144769462294,100.22845744675072,1131940.0,,2041,30.9237,30.9237,15.8775,15.8775,31.9248,31.9248,39.4515,39.4515,0.298916,0.298916,0.00632143,0.00632143,0.0655369,0.0655369
S5_INTEGRATED,twoway_nolag,17,3.66666,38.4030519,34.799498140000004,22.13075,0.182986497,232.1760998,259.64063880000003,11020.5,0,0.8220953376623377,0.04108690886971296,0.9966714769250288,100.22819630942253,1143330.0,,2042,30.9277,30.9277,15.8872,15.8872,31.9266,31.9266,39.4539,39.4539,0.300239,0.300239,0.00624654,0.00624654,0.0655428,0.0655428
S0_BASELINE,twoway_fb1,0,4.16666,28.888351,58.2235419,7.7214279999999995,90.4608,386.83923599999997,14.700000000000001,11020.5,0,0.6350316017316017,0.16675684145156247,0.986836239790076,100.0,701203.0,,2025,29.7797,29.7797,15.1922,15.1922,29.7551,29.7551,38.9184,38.9184,0.241031,0.241031,0.00891325,0.00891325,0.0630949,0.0630949
S0_BASELINE,twoway_fb1,1,4.749993,29.708277,48.947882899999996,15.593798,85.6843433,366.77872,39.53712,11020.5,0,0.6350642034632035,0.1497578693158225,0.9879961919141292,100.02765527734465,709773.0,,2026,29.813,29.9791,15.2522,15.594,29.785,29.9257,38.9345,39.0165,0.239947,0.23454,0.00892423,0.00897904,0.0631278,0.0633354
S0_BASELINE,twoway_fb1,2,4.666659999999999,30.220592,42.886558199999996,21.226141,80.42215159999999,349.15103,62.42700000000001,11020.5,0,0.6350840476190477,0.135496742080527,0.9889785670812251,100.05145633304076,716918.0,,2027,29.8712,30.1616,15.3548,15.9386,29.8402,30.0997,38.9626,39.1052,0.238355,0.230406,0.00893662,0.00899843,0.06319,0.0635821
S0_BASELINE,twoway_fb1,3,4.666659999999999,30.449307,38.0274444,25.856541,75.3743224,332.98681999999997,83.638975,11020.5,0,0.6350939653679654,0.12352787643766407,0.9898317679808588,100.07258577745766,723718.0,,2028,29.9464,30.3216,15.4855,16.23,29.914,30.2606,38.9988,39.1823,0.236459,0.226996,0.00894526,0.00898836,0.0632747,0.0638086
S0_BASELINE,twoway_fb1,4,4.416660299999999,31.6086382,34.1650148,28.809641,70.0241676,318.92273,103.052957642,11020.5,0,0.6350962380952381,0.1134776950585426,0.9906466998681127,100.09070227457313,730614.0,,2029,30.0281,30.436,15.6206,16.3901,30.0009,30.4096,39.0381,39.2378,0.234479,0.224601,0.00893254,0.0088691,0.063372,0.0639855
S0_BASELINE,twoway_fb1,5,5.4999899999999995,31.0206137,31.9758655,30.503484000000004,64.72054625999999,306.182329,121.09712119999999,11020.5,0,0.6350928744588745,0.10503313940548063,0.9911986907632039,100.10596288123732,737331.0,,2030,30.1081,30.5071,15.7439,16.4464,30.0949,30.5363,39.0762,39.2694,0.233378,0.227883,0.00889512,0.00870834,0.0634769,0.0641381
S0_BASELINE,twoway_fb1,6,5.4999899999999995,31.1297328,32.116745800000004,30.253484000000004,58.64320987,295.566072,137.790706,11020.5,0,0.6350851948051948,0.09793208376359236,0.9917099473656714,100.11866598408406,743448.0,,2031,30.1843,30.5651,15.8486,16.4446,30.1964,30.6735,39.1123,39.2954,0.233643,0.234963,0.0088236,0.00846666,0.0635887,0.064293
S0_BASELINE,twoway_fb1,7,5.4999899999999995,32.8266439,32.3126954,28.360627,53.23254128,285.60185,153.1656155,11020.5,0,0.635074632034632,0.09195526331669256,0.9921590468957939,100.12633222984743,750135.0,,2032,30.2446,30.5455,15.9085,16.2502,30.2966,30.7674,39.1409,39.2859,0.235115,0.242465,0.00870015,0.00808408,0.0636909,0.064335
S0_BASELINE,twoway_fb1,8,6.2499899999999995,33.454163699999995,32.6851774,26.610627,47.0479471,277.514502,167.4375408,11020.5,0,0.6350618831168832,0.08691939267785,0.9925950036700633,100.13599379127291,756829.0,,2033,30.2926,30.5319,15.9308,16.0575,30.3983,30.8765,39.1633,39.277,0.237958,0.252146,0.00854008,0.00774128,0.0637893,0.0644096
S0_BASELINE,twoway_fb1,9,5.9999899999999995,33.41384928,33.2254937,26.360627,40.70608394,247.10350499999998,204.190394,11020.5,0,0.6350478181818182,0.08267156869718734,0.993116172067956,100.1492614889041,765141.0,,2034,30.3449,30.6058,15.9545,16.0898,30.5079,31.023,39.188,39.3133,0.241664,0.260159,0.00832905,0.00727589,0.0638964,0.0645714
S0_BASELINE,twoway_fb1,10,5.7499899999999995,33.6058247,33.7835139,25.860627,34.57974619,246.07881,211.341459,11020.5,0,0.6350330086580086,0.07908411535672921,0.9936172544222159,100.16151070315212,771275.0,,2035,30.3983,30.6651,15.9747,16.0896,30.6229,31.1633,39.2128,39.3389,0.245841,0.266682,0.00813326,0.00715617,0.0640117,0.0647382
S0_BASELINE,twoway_fb1,11,5.7499899999999995,34.1986382,34.4407031,24.610627,28.325415579999998,242.72984,220.9447115,11020.5,0,0.6350178441558442,0.07605066137328946,0.9940992887120259,100.17240179091715,777210.0,,2036,30.4472,30.6913,15.9782,15.9982,30.7403,31.292,39.2352,39.3489,0.250671,0.274777,0.00793451,0.00694263,0.0641284,0.0648643
S0_BASELINE,twoway_fb1,12,5.4999899999999995,33.8569665,35.1752418,24.467769999999998,22.664598023,239.5388,229.7965559,11020.5,0,0.6350025930735931,0.07348237812865334,0.9945450777033744,100.18440667852818,782875.0,,2037,30.5002,30.7648,15.9887,16.0487,30.8611,31.4288,39.2593,39.3814,0.255726,0.280955,0.00775255,0.0068445,0.0642537,0.0650435
S0_BASELINE,twoway_fb1,13,5.4999899999999995,34.6021937,35.6800059,23.21777,17.781738095,236.36981,237.848459,11020.5,0,0.6349877272727272,0.07130518258882233,0.9949221259816459,100.19230811608013,788985.0,,2038,30.5458,30.7732,15.9821,15.9445,30.9775,31.5245,39.2798,39.3838,0.261052,0.287632,0.00756827,0.00664861,0.064373,0.0651251
S0_BASELINE,twoway_fb1,14,5.4999899999999995,34.5905126,36.4416874,22.46777,14.631969582,232.45996,244.9082365,11020.5,0,0.6349732337662338,0.06945730018305514,0.9951277917265038,100.19752683514396,794996.0,,2039,30.5865,30.7898,15.9711,15.9084,31.085,31.5901,39.298,39.3905,0.266336,0.292707,0.00739383,0.00652326,0.0644856,0.0651953
S0_BASELINE,twoway_fb1,15,5.4999899999999995,34.0186312,37.26356567,22.217769999999998,11.53175541,228.79839,251.66994899999997,11020.5,0,0.6349592597402598,0.06788697202429861,0.9953240054394166,100.20372350205862,801005.0,,2040,30.627,30.8289,15.9657,15.9345,31.1865,31.6638,39.316,39.4075,0.271496,0.297243,0.00723613,0.00644911,0.0645966,0.0652961
S0_BASELINE,twoway_fb1,16,6.166657,33.8016547,38.06388153,20.967769999999998,10.645988305,223.90642,257.4476605,11020.5,0,0.6349459393939394,0.06655090165910443,0.9952739502490116,100.20293160973051,807553.0,,2041,30.6542,30.7896,15.9425,15.8108,31.27,31.6622,39.3279,39.388,0.276586,0.301987,0.00707982,0.00629977,0.0646885,0.0652677
S0_BASELINE,twoway_fb1,17,6.166657,33.4801511,38.63537923,20.717769999999998,9.03271273,220.00193000000002,262.96538200000003,11020.5,0,0.6349333896103896,0.06541281223965013,0.9953636697202621,100.2058951575203,813749.0,,2042,30.6798,30.8078,15.924,15.8185,31.3453,31.6993,39.3391,39.396,0.281272,0.304661,0.00693861,0.00623388,0.0647745,0.0653167
S0_BASELINE,twoway_fb6,0,4.16666,28.888351,58.2235419,7.7214279999999995,90.4608,386.83923599999997,14.700000000000001,11020.5,0,0.6350316017316017,0.16675684145156247,0.986836239790076,100.0,701203.0,,2025,29.7797,29.7797,15.1922,15.1922,29.7551,29.7551,38.9184,38.9184,0.241031,0.241031,0.00891325,0.00891325,0.0630949,0.0630949
S0_BASELINE,twoway_fb6,1,4.749993,29.708277,48.947882899999996,15.593798,85.6843433,366.77872,39.53712,11020.5,0,0.6350642034632035,0.1497578693158225,0.9879961919141292,100.02765527734465,709773.0,,2026,29.813,29.9791,15.2522,15.594,29.785,29.9257,38.9345,39.0165,0.239947,0.23454,0.00892423,0.00897904,0.0631278,0.0633354
S0_BASELINE,twoway_fb6,2,4.666659999999999,30.220592,42.886558199999996,21.226141,80.42215159999999,349.15103,62.42700000000001,11020.5,0,0.6350840476190477,0.135496742080527,0.9889785670812251,100.05145633304076,716918.0,,2027,29.8712,30.1616,15.3548,15.9386,29.8402,30.0997,38.9626,39.1052,0.238355,0.230406,0.00893662,0.00899843,0.06319,0.0635821
S0_BASELINE,twoway_fb6,3,4.666659999999999,30.449307,38.0274444,25.856541,75.3743224,332.98681999999997,83.638975,11020.5,0,0.6350939653679654,0.12352787643766407,0.9898317679808588,100.07258577745766,723718.0,,2028,29.9464,30.3216,15.4855,16.23,29.914,30.2606,38.9988,39.1823,0.236459,0.226996,0.00894526,0.00898836,0.0632747,0.0638086
S0_BASELINE,twoway_fb6,4,4.416660299999999,31.6086382,34.1650148,28.809641,70.0241676,318.92273,103.052957642,11020.5,0,0.6350962380952381,0.1134776950585426,0.9906466998681127,100.09070227457313,730614.0,,2029,30.0281,30.436,15.6206,16.3901,30.0009,30.4096,39.0381,39.2378,0.234479,0.224601,0.00893254,0.0088691,0.063372,0.0639855
S0_BASELINE,twoway_fb6,5,5.4999899999999995,31.0206137,31.9758655,30.503484000000004,64.72054625999999,306.182329,121.09712119999999,11020.5,0,0.6350928744588745,0.10503313940548063,0.9911986907632039,100.10596288123732,737331.0,,2030,30.1081,30.5071,15.7439,16.4464,30.0949,30.5363,39.0762,39.2694,0.233378,0.227883,0.00889512,0.00870834,0.0634769,0.0641381
S0_BASELINE,twoway_fb6,6,5.4999899999999995,31.1297328,32.116745800000004,30.253484000000004,58.64320987,295.566072,137.790706,11020.5,0,0.6350851948051948,0.09793208376359236,0.9917099473656714,100.11866598408406,743448.0,,2031,30.1843,30.5651,15.8486,16.4446,30.1964,30.6735,39.1123,39.2954,0.233643,0.234963,0.0088236,0.00846666,0.0635887,0.064293
S0_BASELINE,twoway_fb6,7,5.4999899999999995,32.8266439,32.3126954,28.360627,53.23254128,285.60185,153.1656155,11020.5,0,0.635074632034632,0.09195526331669256,0.9921590468957939,100.12633222984743,750135.0,,2032,30.2446,30.5455,15.9085,16.2502,30.2966,30.7674,39.1409,39.2859,0.235115,0.242465,0.00870015,0.00808408,0.0636909,0.064335
S0_BASELINE,twoway_fb6,8,6.2499899999999995,33.454163699999995,32.6851774,26.610627,47.0479471,277.514502,167.4375408,11020.5,0,0.6350618831168832,0.08691939267785,0.9925950036700633,100.13599379127291,756829.0,,2033,30.2926,30.5319,15.9308,16.0575,30.3983,30.8765,39.1633,39.277,0.237958,0.252146,0.00854008,0.00774128,0.0637893,0.0644096
S0_BASELINE,twoway_fb6,9,5.9999899999999995,33.41384928,33.2254937,26.360627,40.70608394,247.10350499999998,204.190394,11020.5,0,0.6350478181818182,0.08267156869718734,0.993116172067956,100.1492614889041,765141.0,,2034,30.3449,30.6058,15.9545,16.0898,30.5079,31.023,39.188,39.3133,0.241664,0.260159,0.00832905,0.00727589,0.0638964,0.0645714
S0_BASELINE,twoway_fb6,10,5.7499899999999995,33.6058247,33.7835139,25.860627,34.57974619,246.07881,211.341459,11020.5,0,0.6350330086580086,0.07908411535672921,0.9936172544222159,100.16151070315212,771275.0,,2035,30.3983,30.6651,15.9747,16.0896,30.6229,31.1633,39.2128,39.3389,0.245841,0.266682,0.00813326,0.00715617,0.0640117,0.0647382
S0_BASELINE,twoway_fb6,11,5.7499899999999995,34.1986382,34.4407031,24.610627,28.325415579999998,242.72984,220.9447115,11020.5,0,0.6350178441558442,0.07605066137328946,0.9940992887120259,100.17240179091715,777210.0,,2036,30.4472,30.6913,15.9782,15.9982,30.7403,31.292,39.2352,39.3489,0.250671,0.274777,0.00793451,0.00694263,0.0641284,0.0648643
S0_BASELINE,twoway_fb6,12,5.4999899999999995,33.8569665,35.1752418,24.467769999999998,22.664598023,239.5388,229.7965559,11020.5,0,0.6350025930735931,0.07348237812865334,0.9945450777033744,100.18440667852818,782875.0,,2037,30.5002,30.7648,15.9887,16.0487,30.8611,31.4288,39.2593,39.3814,0.255726,0.280955,0.00775255,0.0068445,0.0642537,0.0650435
S0_BASELINE,twoway_fb6,13,5.4999899999999995,34.6021937,35.6800059,23.21777,17.781738095,236.36981,237.848459,11020.5,0,0.6349877272727272,0.07130518258882233,0.9949221259816459,100.19230811608013,788985.0,,2038,30.5458,30.7732,15.9821,15.9445,30.9775,31.5245,39.2798,39.3838,0.261052,0.287632,0.00756827,0.00664861,0.064373,0.0651251
S0_BASELINE,twoway_fb6,14,5.4999899999999995,34.5905126,36.4416874,22.46777,14.631969582,232.45996,244.9082365,11020.5,0,0.6349732337662338,0.06945730018305514,0.9951277917265038,100.19752683514396,794996.0,,2039,30.5865,30.7898,15.9711,15.9084,31.085,31.5901,39.298,39.3905,0.266336,0.292707,0.00739383,0.00652326,0.0644856,0.0651953
S0_BASELINE,twoway_fb6,15,5.4999899999999995,34.0186312,37.26356567,22.217769999999998,11.53175541,228.79839,251.66994899999997,11020.5,0,0.6349592597402598,0.06788697202429861,0.9953240054394166,100.20372350205862,801005.0,,2040,30.627,30.8289,15.9657,15.9345,31.1865,31.6638,39.316,39.4075,0.271496,0.297243,0.00723613,0.00644911,0.0645966,0.0652961
S0_BASELINE,twoway_fb6,16,6.166657,33.8016547,38.06388153,20.967769999999998,10.645988305,223.90642,257.4476605,11020.5,0,0.6349459393939394,0.06655090165910443,0.9952739502490116,100.20293160973051,807553.0,,2041,30.6542,30.7896,15.9425,15.8108,31.27,31.6622,39.3279,39.388,0.276586,0.301987,0.00707982,0.00629977,0.0646885,0.0652677
S0_BASELINE,twoway_fb6,17,6.166657,33.4801511,38.63537923,20.717769999999998,9.03271273,220.00193000000002,262.96538200000003,11020.5,0,0.6349333896103896,0.06541281223965013,0.9953636697202621,100.2058951575203,813749.0,,2042,30.6798,30.8078,15.924,15.8185,31.3453,31.6993,39.3391,39.396,0.281272,0.304661,0.00693861,0.00623388,0.0647745,0.0653167
S4_MAIZE_PRESSURE,twoway_fb1,0,4.16666,28.888351,58.2235419,7.7214279999999995,90.4608,386.83923599999997,14.700000000000001,11020.5,0,0.6350316017316017,0.16675684145156247,0.986836239790076,100.0,701203.0,,2025,29.7797,29.7797,15.1922,15.1922,29.7551,29.7551,38.9184,38.9184,0.241031,0.241031,0.00891325,0.00891325,0.0630949,0.0630949
S4_MAIZE_PRESSURE,twoway_fb1,1,4.749993,29.708277,48.947882899999996,15.593798,85.6843433,366.77872,39.53712,11020.5,0,0.6350642034632035,0.1497578693158225,0.9879961919141292,100.02765527734465,715138.0,,2026,29.813,29.9791,15.2522,15.594,29.785,29.9257,38.9345,39.0165,0.239947,0.23454,0.00892423,0.00897904,0.0631278,0.0633354
S4_MAIZE_PRESSURE,twoway_fb1,2,23.153506,14.447593,40.5671524,20.831734,80.42215159999999,349.15103,62.42700000000001,11020.5,0,0.6350840476190477,0.135496742080527,0.9875862026502265,100.05059497670767,726646.0,,2027,29.8132,29.8145,15.2302,15.1049,29.8102,29.9283,38.9303,38.9085,0.244668,0.268225,0.00893044,0.00896142,0.0631583,0.0633506
S4_MAIZE_PRESSURE,twoway_fb1,3,36.759126,3.547093,32.8593967,25.834388,75.3743224,332.98681999999997,83.638975,11020.5,0,0.6350939653679654,0.12352787643766407,0.9875129962892113,100.07253742813778,736009.0,,2028,29.7974,29.7182,15.165,14.7932,29.8351,29.9526,38.9156,38.8413,0.252677,0.292647,0.00897426,0.00919292,0.0631895,0.0633864
S4_MAIZE_PRESSURE,twoway_fb1,4,42.794859,0.5,26.616109,29.089018,70.0241676,318.92273,103.052957642,11020.5,0,0.6353381341991341,0.11337304638951196,0.9879916343705445,100.09131168284664,744108.0,,2029,29.7801,29.6938,15.0849,14.6286,29.8682,30.0234,38.9001,38.8212,0.260354,0.298668,0.00901289,0.0092057,0.0632227,0.0634316
S4_MAIZE_PRESSURE,twoway_fb1,5,46.39311,0.25,21.55905279,30.797795999999998,64.72054625999999,306.182329,121.09712119999999,11020.5,0,0.6362875194805194,0.10457252067876907,0.988574024926899,100.10660457353204,751332.0,,2030,29.7608,29.6645,14.9881,14.4372,29.9084,30.0973,38.8841,38.8029,0.266783,0.298865,0.00901891,0.00904892,0.0632537,0.0634489
S4_MAIZE_PRESSURE,twoway_fb1,6,50.428427,0.0,17.46281183,31.10873,58.64320987,295.566072,137.790706,11020.5,0,0.6380428528138529,0.09692871265386108,0.9891026612262106,100.12052994427503,758396.0,,2031,29.7334,29.5967,14.8591,14.1243,29.9544,30.1705,38.8645,38.7649,0.272665,0.302017,0.00898654,0.008825,0.0632795,0.0634425
S4_MAIZE_PRESSURE,twoway_fb1,7,55.042031,0.0,14.144890460000001,29.813053999999998,53.23254128,285.60185,153.1656155,11020.5,0,0.6408221515151515,0.09029482128338637,0.9894570500859283,100.12949692347746,766067.0,,2032,29.688,29.4611,14.6783,13.6485,29.9982,30.204,38.8364,38.6941,0.278405,0.307054,0.00890571,0.00850231,0.0632895,0.063352
S4_MAIZE_PRESSURE,twoway_fb1,8,59.111545,0.0,11.45739178,28.431121,47.0479471,277.514502,167.4375408,11020.5,0,0.6449696406926407,0.0846374510830236,0.9898706555227978,100.139959270595,773710.0,,2033,29.6318,29.3515,14.4605,13.2196,30.0448,30.264,38.8033,38.6355,0.284127,0.312684,0.00879006,0.00821295,0.063292,0.0633078
S4_MAIZE_PRESSURE,twoway_fb1,9,61.240336,0.0,9.28046199,28.479193,40.70608394,247.10350499999998,204.190394,11020.5,0,0.6506150086580087,0.08015040872536705,0.9904209721242109,100.1538743631132,782582.0,,2034,29.584,29.3455,14.2502,13.0524,30.102,30.3706,38.7751,38.6317,0.289097,0.3139,0.0086158,0.00774616,0.0633018,0.0633641
S4_MAIZE_PRESSURE,twoway_fb1,10,63.262196,0.0,7.51717779,28.220661,34.57974619,246.07881,211.341459,11020.5,0,0.657434316017316,0.07711396749340296,0.9909263127480086,100.16664741406147,789248.0,,2035,29.5419,29.3321,14.0445,12.873,30.1671,30.4732,38.7496,38.6205,0.293799,0.317263,0.00845568,0.00765659,0.0633204,0.0634372
S4_MAIZE_PRESSURE,twoway_fb1,11,65.74491,0.0,6.0889127,27.166217,28.325415579999998,242.72984,220.9447115,11020.5,0,0.6651285844155844,0.07565076169046993,0.9913741344166115,100.17796228817603,795822.0,,2036,29.4993,29.2867,13.8296,12.606,30.2369,30.565,38.724,38.5937,0.298597,0.322542,0.00829353,0.00748432,0.0633418,0.0634768
S4_MAIZE_PRESSURE,twoway_fb1,12,66.743359,0.0,4.93201938,27.324648,22.664598023,239.5388,229.7965559,11020.5,0,0.6735139393939393,0.07572014494511589,0.9918752980611435,100.19062042845603,801782.0,,2037,29.4684,29.314,13.6372,12.5413,30.3143,30.6777,38.7041,38.6036,0.302995,0.324939,0.00814537,0.00740599,0.0633757,0.0635891
S4_MAIZE_PRESSURE,twoway_fb1,13,68.802103,0.0,3.99493703,26.202949,17.781738095,236.36981,237.848459,11020.5,0,0.6821823203463203,0.07699709813680146,0.9921992181754961,100.19879935957246,808501.0,,2038,29.4349,29.268,13.4382,12.3048,30.3899,30.7451,38.6833,38.5776,0.307455,0.329715,0.00799609,0.00725107,0.0634076,0.0636087
S4_MAIZE_PRESSURE,twoway_fb1,14,70.207262,0.0,3.23589361,25.556888999999998,14.631969582,232.45996,244.9082365,11020.5,0,0.6909960649350649,0.07914845854298454,0.9924148367055189,100.20424302306334,814853.0,,2039,29.402,29.2374,13.2459,12.1503,30.4596,30.7875,38.6631,38.5605,0.311571,0.33211,0.00785255,0.00713622,0.0634363,0.0636175
S4_MAIZE_PRESSURE,twoway_fb1,15,70.057473,0.0,2.62107343,26.321482,11.53175541,228.79839,251.66994899999997,11020.5,0,0.6997521601731602,0.0817830063666645,0.9927476810964023,100.21264361135877,821085.0,,2040,29.3836,29.2917,13.0922,12.2168,30.5309,30.8661,38.6504,38.5858,0.314909,0.331571,0.00772958,0.00711589,0.0634753,0.063721
S4_MAIZE_PRESSURE,twoway_fb1,16,71.732683,0.0,2.123071999,25.144254,10.645988305,223.90642,257.4476605,11020.5,0,0.7081137878787879,0.08441878923327038,0.9927225816873111,100.21201009493407,828152.0,,2041,29.3557,29.2167,12.9293,12.0018,30.5866,30.8482,38.6336,38.5484,0.317992,0.333378,0.00760368,0.00697537,0.0634984,0.0636442
S4_MAIZE_PRESSURE,twoway_fb1,17,72.327095,0.0,1.719689932,24.953218,9.03271273,220.00193000000002,262.96538200000003,11020.5,0,0.7161132424242423,0.08692691704885913,0.9928450676084847,100.2151009793099,834712.0,,2042,29.3312,29.2086,12.7819,11.9424,30.6369,30.873,38.6188,38.5437,0.320644,0.333876,0.00748678,0.00690342,0.0635199,0.0636553
S4_MAIZE_PRESSURE,twoway_fb6,0,4.16666,28.888351,58.2235419,7.7214279999999995,90.4608,386.83923599999997,14.700000000000001,11020.5,0,0.6350316017316017,0.16675684145156247,0.986836239790076,100.0,701203.0,,2025,29.7797,29.7797,15.1922,15.1922,29.7551,29.7551,38.9184,38.9184,0.241031,0.241031,0.00891325,0.00891325,0.0630949,0.0630949
S4_MAIZE_PRESSURE,twoway_fb6,1,4.749993,29.708277,48.947882899999996,15.593798,85.6843433,366.77872,39.53712,11020.5,0,0.6350642034632035,0.1497578693158225,0.9879961919141292,100.02765527734465,715138.0,,2026,29.813,29.9791,15.2522,15.594,29.785,29.9257,38.9345,39.0165,0.239947,0.23454,0.00892423,0.00897904,0.0631278,0.0633354
S4_MAIZE_PRESSURE,twoway_fb6,2,23.153506,14.447593,40.5671524,20.831734,80.42215159999999,349.15103,62.42700000000001,11020.5,0,0.6350840476190477,0.135496742080527,0.9875862026502265,100.05059497670767,726646.0,,2027,29.8132,29.8145,15.2302,15.1049,29.8102,29.9283,38.9303,38.9085,0.244668,0.268225,0.00893044,0.00896142,0.0631583,0.0633506
S4_MAIZE_PRESSURE,twoway_fb6,3,36.759126,3.547093,32.8593967,25.834388,75.3743224,332.98681999999997,83.638975,11020.5,0,0.6350939653679654,0.12352787643766407,0.9875129962892113,100.07253742813778,736009.0,,2028,29.7974,29.7182,15.165,14.7932,29.8351,29.9526,38.9156,38.8413,0.252677,0.292647,0.00897426,0.00919292,0.0631895,0.0633864
S4_MAIZE_PRESSURE,twoway_fb6,4,42.794859,0.5,26.616109,29.089018,70.0241676,318.92273,103.052957642,11020.5,0,0.6365476926406927,0.11286431902693521,0.9879916343705445,100.09131168284664,744108.0,,2029,29.7801,29.6938,15.0849,14.6286,29.8682,30.0234,38.9001,38.8212,0.260354,0.298668,0.00901289,0.0092057,0.0632227,0.0634316
S4_MAIZE_PRESSURE,twoway_fb6,5,46.39311,0.25,21.55905279,30.797795999999998,64.72054625999999,306.182329,121.09712119999999,11020.5,0,0.6422104718614718,0.10264261109257927,0.988574024926899,100.10660457353204,751332.0,,2030,29.7608,29.6645,14.9881,14.4372,29.9084,30.0973,38.8841,38.8029,0.266783,0.298865,0.00901891,0.00904892,0.0632537,0.0634489
S4_MAIZE_PRESSURE,twoway_fb6,6,50.428427,0.0,17.46281183,31.10873,58.55376287,295.655522,137.790706,11020.5,0,0.6523259567099567,0.09420242713515743,0.9891103645404252,100.12072488946751,758387.0,,2031,29.7336,29.5977,14.8592,14.1246,29.9547,30.1726,38.8645,38.7653,0.272677,0.302089,0.00898658,0.00882522,0.0632799,0.0634451
S4_MAIZE_PRESSURE,twoway_fb6,7,55.042031,0.0,14.144890460000001,29.813053999999998,53.14309228,285.6913,153.1656155,11020.5,0,0.6673145238095238,0.09006598080396921,0.9894647535704628,100.12969181630058,766058.0,,2032,29.6882,29.4621,14.6784,13.6487,29.9988,30.206,38.8365,38.6945,0.278428,0.307129,0.00890578,0.00850254,0.0632901,0.0633546
S4_MAIZE_PRESSURE,twoway_fb6,8,58.262605,0.0,11.45739178,29.280065999999998,46.9585011,277.603952,167.4375408,11020.5,0,0.6874238787878788,0.09343755866205182,0.9899514707565388,100.14200313946976,773614.0,,2033,29.6403,29.401,14.4794,13.3463,30.0494,30.2869,38.8075,38.6601,0.283845,0.310883,0.00880102,0.00827821,0.0633003,0.0633644
S4_MAIZE_PRESSURE,twoway_fb6,9,60.371326,0.0,9.28046199,29.348201999999997,40.61663794,247.192945,204.190394,11020.5,0,0.7099767922077922,0.10370548846689179,0.9905035158038109,100.1559610392307,782482.0,,2034,29.5995,29.3961,14.2856,13.1819,30.1098,30.394,38.7827,38.6568,0.288556,0.312065,0.0086353,0.00780827,0.0633169,0.0634219
S4_MAIZE_PRESSURE,twoway_fb6,10,62.126936,0.25,7.51717779,29.105922,34.49029919,246.16825,211.341459,11020.5,0,0.7314626406926407,0.11553827416358955,0.9910317863682059,100.1687686602438,789111.0,,2035,29.5642,29.3875,14.0957,13.0136,30.1782,30.4994,38.7606,38.6484,0.292923,0.314714,0.00848026,0.00770657,0.0633417,0.0634981
S4_MAIZE_PRESSURE,twoway_fb6,11,64.59648,0.25,6.0889127,28.064642,28.23596658,242.81929,220.9447115,11020.5,0,0.7498954329004329,0.1246580191177082,0.9914807424315277,100.1801114757001,795681.0,,2036,29.5272,29.3429,13.8944,12.7482,30.2507,30.5915,38.7378,38.622,0.297439,0.319975,0.0083222,0.0075334,0.0633687,0.0635384
S4_MAIZE_PRESSURE,twoway_fb6,12,65.584279,0.25,4.93201938,28.233736,22.575148023,239.62825,229.7965559,11020.5,0,0.7650664155844156,0.13000202385357904,0.9919828233650453,100.1927919900473,801638.0,,2037,29.5011,29.3707,13.7138,12.6851,30.3303,30.7045,38.7204,38.6321,0.301597,0.322349,0.00817741,0.00745484,0.0634074,0.0636515
S4_MAIZE_PRESSURE,twoway_fb6,13,67.39891,0.485463,3.99493703,27.120674,17.692288095,236.45926,237.848459,11020.5,0,0.777036471861472,0.131703768664833,0.9923277668524229,100.20098916747966,808322.0,,2038,29.4723,29.3289,13.5262,12.4578,30.4082,30.7743,38.702,38.6085,0.30575,0.326478,0.00802869,0.00728647,0.0634438,0.0636735
S4_MAIZE_PRESSURE,twoway_fb6,14,68.544317,0.738225,3.23589361,26.48161,14.542529582,232.5494,244.9082365,11020.5,0,0.7869238311688311,0.13131457990983886,0.9925657547587968,100.20644766015758,814635.0,,2039,29.444,29.3026,13.345,12.3131,30.4803,30.8193,38.6842,38.594,0.309496,0.328189,0.00788319,0.00715709,0.0634768,0.0636848
S4_MAIZE_PRESSURE,twoway_fb6,15,69.067011,0.990462,2.62107343,26.321482,11.44230541,228.88784,251.66994899999997,11020.5,0,0.7953744588744589,0.12979277362334432,0.9928406847555828,100.21283801947693,820922.0,,2040,29.4214,29.3083,13.1818,12.2519,30.55,30.8776,38.6696,38.5955,0.312752,0.329,0.00774624,0.00706276,0.0635118,0.063732
S4_MAIZE_PRESSURE,twoway_fb6,16,70.740409,0.992274,2.123071999,25.144254,10.556538305,223.99587,257.4476605,11020.5,0,0.802734632034632,0.1276869845912895,0.9928157413990409,100.21220450673924,827987.0,,2041,29.39,29.2333,13.0108,12.0369,30.6044,30.8596,38.6512,38.558,0.315767,0.330814,0.00760855,0.00692143,0.0635314,0.0636553
S4_MAIZE_PRESSURE,twoway_fb6,17,71.083353,1.243742,1.719689932,24.953218,8.94326573,220.09137,262.96538200000003,11020.5,0,0.8094550735930737,0.12551838765978457,0.9929598838637094,100.21529535139521,834509.0,,2042,29.3631,29.2292,12.8578,11.9863,30.6539,30.8868,38.6355,38.5557,0.318253,0.330657,0.00747951,0.00683552,0.0635502,0.0636685
S4_MAIZE_PRESSURE,oneway_p1.05,0,4.16666,28.888351,58.2235419,7.7214279999999995,90.4608,386.83923599999997,14.700000000000001,11020.5,0,0.6350316017316017,0.16675684145156247,0.986836239790076,100.0,701203.0,1.05,2025,29.7797,29.7797,15.1922,15.1922,29.7551,29.7551,38.9184,38.9184,0.241031,0.241031,0.00891325,0.00891325,0.0630949,0.0630949
S4_MAIZE_PRESSURE,oneway_p1.05,1,4.749993,29.708277,48.947882899999996,15.593798,85.6843433,366.77872,39.53712,11020.5,0,0.6350642034632035,0.1497578693158225,0.9879961919141292,100.02765527734465,710540.0,1.05,2026,29.813,29.9791,15.2522,15.594,29.785,29.9257,38.9345,39.0165,0.239947,0.23454,0.00892423,0.00897904,0.0631278,0.0633354
S4_MAIZE_PRESSURE,oneway_p1.05,2,7.083323,27.848361,42.8421253,21.226141,80.42215159999999,349.15103,62.42700000000001,11020.5,0,0.6350840476190477,0.135496742080527,0.9887742670267127,100.05145633304076,717786.0,1.05,2027,29.8648,30.1235,15.3415,15.8496,29.8368,30.08,38.9589,39.0827,0.239191,0.235414,0.00893573,0.00899307,0.0631875,0.0635641
S4_MAIZE_PRESSURE,oneway_p1.05,3,10.749983,25.000535,37.9286072,25.320827,75.3743224,332.98681999999997,83.638975,11020.5,0,0.6350939653679654,0.12352787643766407,0.9893163749854523,100.0714165523989,724922.0,1.05,2028,29.921,30.2013,15.4312,15.9426,29.9004,30.1997,38.9845,39.1144,0.239318,0.239951,0.00893555,0.0089347,0.0632618,0.0637295
S4_MAIZE_PRESSURE,oneway_p1.05,4,11.2037333,25.5254462,33.9968481,28.273927,70.0241676,318.92273,103.052957642,11020.5,0,0.6350962380952381,0.1134776950585426,0.9900766696045299,100.08953368430629,731830.0,1.05,2029,29.9846,30.3021,15.527,16.0724,29.9776,30.3402,39.0138,39.1622,0.239197,0.238597,0.00891566,0.0088164,0.0633486,0.0638961
S4_MAIZE_PRESSURE,oneway_p1.05,5,10.387008999999999,26.1888423,31.5150606,30.409037,64.72054625999999,306.182329,121.09712119999999,10620.5,0,0.6350928744588745,0.10503313940548063,0.9904894642422928,99.2219832334812,722261.0,1.05,2030,30.0581,30.425,15.6361,16.2576,30.0677,30.4913,39.048,39.2216,0.238885,0.237324,0.00888168,0.0087121,0.0634504,0.0640917
S4_MAIZE_PRESSURE,oneway_p1.05,6,10.312906,26.7202382,31.1626413,30.804167000000003,58.64320987,295.566072,137.790706,11020.5,0,0.6350851948051948,0.09793208376359236,0.9913776206619167,100.11986617841131,744042.0,1.05,2031,30.1307,30.4933,15.7325,16.2817,30.167,30.6333,39.0817,39.253,0.239454,0.242296,0.00881659,0.00849177,0.0635602,0.0642525
S4_MAIZE_PRESSURE,oneway_p1.05,7,11.639565999999999,27.206315,30.9823585,29.171707,53.23254128,285.60185,153.1656155,11020.5,0,0.635074632034632,0.09195526331669256,0.9917448679183845,100.12809952930193,750653.0,1.05,2032,30.1852,30.4566,15.7799,16.0493,30.2635,30.7173,39.1067,39.2331,0.241398,0.2511,0.00870009,0.00811869,0.0636596,0.064286
S4_MAIZE_PRESSURE,oneway_p1.05,8,13.54739,26.951156599999997,30.98448158,27.516927,47.0479471,277.514502,167.4375408,11020.5,0,0.6350618831168832,0.08691939267785,0.9921130070091587,100.13796799229316,757342.0,1.05,2033,30.2246,30.4218,15.7837,15.8058,30.3604,30.8155,39.124,39.2122,0.244821,0.261905,0.00854556,0.00777438,0.0637533,0.0643441
S4_MAIZE_PRESSURE,oneway_p1.05,9,12.444920999999999,28.0539819,31.15700447,27.344047,40.70608394,247.10350499999998,204.190394,11020.5,0,0.6350478181818182,0.08267156869718734,0.9927392662562825,100.15140282445103,765498.0,1.05,2034,30.2715,30.5052,15.7947,15.8573,30.467,30.9683,39.1456,39.2549,0.248502,0.26687,0.00833588,0.00728944,0.0638561,0.0645038
S4_MAIZE_PRESSURE,oneway_p1.05,10,13.076773,27.7916721,31.194216150000003,26.937288900000002,34.57974619,246.07881,211.341459,11020.5,0,0.6350330086580086,0.07908411535672921,0.9932092549993223,100.16385420001497,771561.0,1.05,2035,30.317,30.5442,15.7966,15.8072,30.5779,31.0987,39.166,39.2697,0.252718,0.273759,0.00813964,0.0071603,0.0639648,0.0646503
S4_MAIZE_PRESSURE,oneway_p1.05,11,13.710090999999998,27.9529969,31.629753530000002,25.707116999999997,28.325415579999998,242.72984,220.9447115,11020.5,0,0.6350178441558442,0.07605066137328946,0.9936558359744584,100.17478766638274,777469.0,1.05,2036,30.3571,30.557,15.7796,15.6831,30.6907,31.2208,39.1835,39.2724,0.257657,0.282305,0.00793934,0.00693974,0.0640744,0.064765
S4_MAIZE_PRESSURE,oneway_p1.05,12,13.585880999999999,27.617291,32.146086780000005,25.6507045,22.664598023,239.5388,229.7965559,11020.5,0,0.6350025930735931,0.07348237812865334,0.994109583921913,100.18697971799524,783048.0,1.05,2037,30.4023,30.6279,15.7717,15.7267,30.8075,31.3564,39.2033,39.3036,0.262749,0.288161,0.00775614,0.00684187,0.064193,0.0649403
S4_MAIZE_PRESSURE,oneway_p1.05,13,13.082766999999999,28.981883,32.50140843,24.4338945,17.781738095,236.36981,237.848459,11020.5,0,0.6349877272727272,0.07130518258882233,0.9945428313531284,100.1949527195936,789058.0,1.05,2038,30.4424,30.6429,15.7515,15.6366,30.9213,31.4562,39.2209,39.3102,0.267845,0.293277,0.00756923,0.00663648,0.0643066,0.0650227
S4_MAIZE_PRESSURE,oneway_p1.05,14,13.573077,28.4851101,33.23097552,23.7107945,14.546298582,232.45996,244.9939115,11020.5,0,0.6349732337662338,0.06945730018305514,0.9947164147242029,100.20041578401045,794972.0,1.05,2039,30.4777,30.6534,15.7266,15.5845,31.0264,31.5201,39.2361,39.3131,0.273073,0.299163,0.00739266,0.00651146,0.0644142,0.0650924
S4_MAIZE_PRESSURE,oneway_p1.05,15,12.937363999999999,28.755196,33.82482372,23.4825745,11.53175641,228.79839,251.66994899999997,11020.5,0,0.6349592597402598,0.06788697202429861,0.9949796370959171,100.2064730216558,800903.0,1.05,2040,30.5144,30.698,15.7111,15.623,31.1263,31.5961,39.2522,39.3341,0.277906,0.302026,0.00723169,0.00642838,0.0645203,0.0651887
S4_MAIZE_PRESSURE,oneway_p1.05,16,12.654767,29.7252199,34.41520856,22.20476,10.466118,223.97764,257.5563228,11020.5,0,0.6349459393939394,0.06655090165910443,0.9950449043293004,100.20601176261994,807383.0,1.05,2041,30.5405,30.6706,15.6825,15.5196,31.2104,31.6054,39.2637,39.3221,0.282393,0.304782,0.00706978,0.00626178,0.0646084,0.0651639
S4_MAIZE_PRESSURE,oneway_p1.05,17,11.524801,30.4437737,35.05985235,21.97152333,9.064532999999999,219.95987,262.9756132,11020.5,0,0.6349333896103896,0.06541281223965013,0.9952074076122664,100.20855129268702,813503.0,1.05,2042,30.5682,30.7065,15.6662,15.5735,31.2872,31.6482,39.2764,39.3406,0.286239,0.305432,0.00692417,0.00619751,0.064692,0.0652189
S4_MAIZE_PRESSURE,twoway_p1.05,0,4.16666,28.888351,58.2235419,7.7214279999999995,90.4608,386.83923599999997,14.700000000000001,11020.5,0,0.6350316017316017,0.16675684145156247,0.986836239790076,100.0,701203.0,1.05,2025,29.7797,29.7797,15.1922,15.1922,29.7551,29.7551,38.9184,38.9184,0.241031,0.241031,0.00891325,0.00891325,0.0630949,0.0630949
S4_MAIZE_PRESSURE,twoway_p1.05,1,4.749993,29.708277,48.947882899999996,15.593798,85.6843433,366.77872,39.53712,11020.5,0,0.6350642034632035,0.1497578693158225,0.9879961919141292,100.02765527734465,710540.0,1.05,2026,29.813,29.9791,15.2522,15.594,29.785,29.9257,38.9345,39.0165,0.239947,0.23454,0.00892423,0.00897904,0.0631278,0.0633354
S4_MAIZE_PRESSURE,twoway_p1.05,2,7.083323,27.848361,42.8421253,21.226141,80.42215159999999,349.15103,62.42700000000001,11020.5,0,0.6350840476190477,0.135496742080527,0.9887742670267127,100.05145633304076,717786.0,1.05,2027,29.8648,30.1235,15.3415,15.8496,29.8368,30.08,38.9589,39.0827,0.239191,0.235414,0.00893573,0.00899307,0.0631875,0.0635641
S4_MAIZE_PRESSURE,twoway_p1.05,3,10.749983,25.000535,37.9286072,25.320827,75.3743224,332.98681999999997,83.638975,11020.5,0,0.6350939653679654,0.12352787643766407,0.9893163749854523,100.0714165523989,724922.0,1.05,2028,29.921,30.2013,15.4312,15.9426,29.9004,30.1997,38.9845,39.1144,0.239318,0.239951,0.00893555,0.0089347,0.0632618,0.0637295
S4_MAIZE_PRESSURE,twoway_p1.05,4,11.2037333,25.5254462,33.9968481,28.273927,70.0241676,318.92273,103.052957642,11020.5,0,0.6350962380952381,0.1134776950585426,0.9900766696045299,100.08953368430629,731830.0,1.05,2029,29.9846,30.3021,15.527,16.0724,29.9776,30.3402,39.0138,39.1622,0.239197,0.238597,0.00891566,0.0088164,0.0633486,0.0638961
S4_MAIZE_PRESSURE,twoway_p1.05,5,10.387008999999999,26.1888423,31.5150606,30.409037,64.72054625999999,306.182329,121.09712119999999,10620.5,0,0.6350928744588745,0.10503313940548063,0.9904894642422928,99.2219832334812,722261.0,1.05,2030,30.0581,30.425,15.6361,16.2576,30.0677,30.4913,39.048,39.2216,0.238885,0.237324,0.00888168,0.0087121,0.0634504,0.0640917
S4_MAIZE_PRESSURE,twoway_p1.05,6,10.312906,26.7202382,31.1626413,30.804167000000003,58.64320987,295.566072,137.790706,11020.5,0,0.6350851948051948,0.09793208376359236,0.9913776206619167,100.11986617841131,744042.0,1.05,2031,30.1307,30.4933,15.7325,16.2817,30.167,30.6333,39.0817,39.253,0.239454,0.242296,0.00881659,0.00849177,0.0635602,0.0642525
S4_MAIZE_PRESSURE,twoway_p1.05,7,11.639565999999999,27.206315,30.9823585,29.171707,53.23254128,285.60185,153.1656155,11020.5,0,0.635074632034632,0.09195526331669256,0.9917448679183845,100.12809952930193,750653.0,1.05,2032,30.1852,30.4566,15.7799,16.0493,30.2635,30.7173,39.1067,39.2331,0.241398,0.2511,0.00870009,0.00811869,0.0636596,0.064286
S4_MAIZE_PRESSURE,twoway_p1.05,8,13.54739,26.951156599999997,30.98448158,27.516927,47.0479471,277.514502,167.4375408,11020.5,0,0.6350618831168832,0.08691939267785,0.9921130070091587,100.13796799229316,757342.0,1.05,2033,30.2246,30.4218,15.7837,15.8058,30.3604,30.8155,39.124,39.2122,0.244821,0.261905,0.00854556,0.00777438,0.0637533,0.0643441
S4_MAIZE_PRESSURE,twoway_p1.05,9,12.444920999999999,28.0539819,31.15700447,27.344047,40.70608394,247.10350499999998,204.190394,11020.5,0,0.6350478181818182,0.08267156869718734,0.9927392662562825,100.15140282445103,765498.0,1.05,2034,30.2715,30.5052,15.7947,15.8573,30.467,30.9683,39.1456,39.2549,0.248502,0.26687,0.00833588,0.00728944,0.0638561,0.0645038
S4_MAIZE_PRESSURE,twoway_p1.05,10,13.076773,27.7916721,31.194216150000003,26.937288900000002,34.57974619,246.07881,211.341459,11020.5,0,0.6350330086580086,0.07908411535672921,0.9932092549993223,100.16385420001497,771561.0,1.05,2035,30.317,30.5442,15.7966,15.8072,30.5779,31.0987,39.166,39.2697,0.252718,0.273759,0.00813964,0.0071603,0.0639648,0.0646503
S4_MAIZE_PRESSURE,twoway_p1.05,11,13.710090999999998,27.9529969,31.629753530000002,25.707116999999997,28.325415579999998,242.72984,220.9447115,11020.5,0,0.6350178441558442,0.07605066137328946,0.9936558359744584,100.17478766638274,777469.0,1.05,2036,30.3571,30.557,15.7796,15.6831,30.6907,31.2208,39.1835,39.2724,0.257657,0.282305,0.00793934,0.00693974,0.0640744,0.064765
S4_MAIZE_PRESSURE,twoway_p1.05,12,13.585880999999999,27.617291,32.146086780000005,25.6507045,22.664598023,239.5388,229.7965559,11020.5,0,0.6350025930735931,0.07348237812865334,0.994109583921913,100.18697971799524,783048.0,1.05,2037,30.4023,30.6279,15.7717,15.7267,30.8075,31.3564,39.2033,39.3036,0.262749,0.288161,0.00775614,0.00684187,0.064193,0.0649403
S4_MAIZE_PRESSURE,twoway_p1.05,13,13.082766999999999,28.981883,32.50140843,24.4338945,17.781738095,236.36981,237.848459,11020.5,0,0.6349877272727272,0.07130518258882233,0.9945428313531284,100.1949527195936,789058.0,1.05,2038,30.4424,30.6429,15.7515,15.6366,30.9213,31.4562,39.2209,39.3102,0.267845,0.293277,0.00756923,0.00663648,0.0643066,0.0650227
S4_MAIZE_PRESSURE,twoway_p1.05,14,13.573077,28.4851101,33.23097552,23.7107945,14.546298582,232.45996,244.9939115,11020.5,0,0.6349732337662338,0.06945730018305514,0.9947164147242029,100.20041578401045,794972.0,1.05,2039,30.4777,30.6534,15.7266,15.5845,31.0264,31.5201,39.2361,39.3131,0.273073,0.299163,0.00739266,0.00651146,0.0644142,0.0650924
S4_MAIZE_PRESSURE,twoway_p1.05,15,12.937363999999999,28.755196,33.82482372,23.4825745,11.53175641,228.79839,251.66994899999997,11020.5,0,0.6349592597402598,0.06788697202429861,0.9949796370959171,100.2064730216558,800903.0,1.05,2040,30.5144,30.698,15.7111,15.623,31.1263,31.5961,39.2522,39.3341,0.277906,0.302026,0.00723169,0.00642838,0.0645203,0.0651887
S4_MAIZE_PRESSURE,twoway_p1.05,16,12.654767,29.7252199,34.41520856,22.20476,10.466118,223.97764,257.5563228,11020.5,0,0.6349459393939394,0.06655090165910443,0.9950449043293004,100.20601176261994,807383.0,1.05,2041,30.5405,30.6706,15.6825,15.5196,31.2104,31.6054,39.2637,39.3221,0.282393,0.304782,0.00706978,0.00626178,0.0646084,0.0651639
S4_MAIZE_PRESSURE,twoway_p1.05,17,11.524801,30.4437737,35.05985235,21.97152333,9.064532999999999,219.95987,262.9756132,11020.5,0,0.6349333896103896,0.06541281223965013,0.9952074076122664,100.20855129268702,813503.0,1.05,2042,30.5682,30.7065,15.6662,15.5735,31.2872,31.6482,39.2764,39.3406,0.286239,0.305432,0.00692417,0.00619751,0.064692,0.0652189
S4_MAIZE_PRESSURE,twoway_nolag_p1.05,0,4.16666,28.888351,58.2235419,7.7214279999999995,90.4608,386.83923599999997,14.700000000000001,11020.5,0,0.6350316017316017,0.16675684145156247,0.986836239790076,100.0,701203.0,1.05,2025,29.7797,29.7797,15.1922,15.1922,29.7551,29.7551,38.9184,38.9184,0.241031,0.241031,0.00891325,0.00891325,0.0630949,0.0630949
S4_MAIZE_PRESSURE,twoway_nolag_p1.05,1,4.749993,29.708277,48.947882899999996,15.593798,85.6843433,366.77872,39.53712,11020.5,0,0.6350642034632035,0.1497578693158225,0.9879961919141292,100.02765527734465,710540.0,1.05,2026,29.9791,29.9791,15.594,15.594,29.9257,29.9257,39.0165,39.0165,0.23454,0.23454,0.00897904,0.00897904,0.0633354,0.0633354
S4_MAIZE_PRESSURE,twoway_nolag_p1.05,2,7.083323,27.848361,42.8421253,21.226141,80.42215159999999,349.15103,62.42700000000001,11020.5,0,0.6350840476190477,0.135496742080527,0.9887742670267127,100.05145633304076,717786.0,1.05,2027,30.1235,30.1235,15.8496,15.8496,30.08,30.08,39.0827,39.0827,0.235414,0.235414,0.00899307,0.00899307,0.0635641,0.0635641
S4_MAIZE_PRESSURE,twoway_nolag_p1.05,3,10.749983,25.000535,37.9286072,25.320827,75.3743224,332.98681999999997,83.638975,11020.5,0,0.6350939653679654,0.12352787643766407,0.9893163749854523,100.0714165523989,724922.0,1.05,2028,30.2013,30.2013,15.9426,15.9426,30.1997,30.1997,39.1144,39.1144,0.239951,0.239951,0.0089347,0.0089347,0.0637295,0.0637295
S4_MAIZE_PRESSURE,twoway_nolag_p1.05,4,11.2037333,25.5254462,33.9968481,28.273927,70.0241676,318.92273,103.052957642,11020.5,0,0.6350962380952381,0.1134776950585426,0.9900766696045299,100.08953368430629,731830.0,1.05,2029,30.3021,30.3021,16.0724,16.0724,30.3402,30.3402,39.1622,39.1622,0.238597,0.238597,0.0088164,0.0088164,0.0638961,0.0638961
S4_MAIZE_PRESSURE,twoway_nolag_p1.05,5,10.387008999999999,26.1888423,31.5150606,30.409037,64.72054625999999,306.182329,121.09712119999999,10620.5,0,0.6350928744588745,0.10503313940548063,0.9904894642422928,99.2219832334812,722261.0,1.05,2030,30.425,30.425,16.2576,16.2576,30.4913,30.4913,39.2216,39.2216,0.237324,0.237324,0.0087121,0.0087121,0.0640917,0.0640917
S4_MAIZE_PRESSURE,twoway_nolag_p1.05,6,10.312906,26.7202382,31.1626413,30.804167000000003,58.64320987,295.566072,137.790706,11020.5,0,0.6350851948051948,0.09793208376359236,0.9913776206619167,100.11986617841131,744042.0,1.05,2031,30.4933,30.4933,16.2817,16.2817,30.6333,30.6333,39.253,39.253,0.242296,0.242296,0.00849177,0.00849177,0.0642525,0.0642525
S4_MAIZE_PRESSURE,twoway_nolag_p1.05,7,11.639565999999999,27.206315,30.9823585,29.171707,53.23254128,285.60185,153.1656155,11020.5,0,0.635074632034632,0.09195526331669256,0.9917448679183845,100.12809952930193,750653.0,1.05,2032,30.4566,30.4566,16.0493,16.0493,30.7173,30.7173,39.2331,39.2331,0.2511,0.2511,0.00811869,0.00811869,0.064286,0.064286
S4_MAIZE_PRESSURE,twoway_nolag_p1.05,8,13.54739,26.951156599999997,30.98448158,27.516927,47.0479471,277.514502,167.4375408,11020.5,0,0.6350618831168832,0.08691939267785,0.9921130070091587,100.13796799229316,757342.0,1.05,2033,30.4218,30.4218,15.8058,15.8058,30.8155,30.8155,39.2122,39.2122,0.261905,0.261905,0.00777438,0.00777438,0.0643441,0.0643441
S4_MAIZE_PRESSURE,twoway_nolag_p1.05,9,12.444920999999999,28.0539819,31.15700447,27.344047,40.70608394,247.10350499999998,204.190394,11020.5,0,0.6350478181818182,0.08267156869718734,0.9927392662562825,100.15140282445103,765498.0,1.05,2034,30.5052,30.5052,15.8573,15.8573,30.9683,30.9683,39.2549,39.2549,0.26687,0.26687,0.00728944,0.00728944,0.0645038,0.0645038
S4_MAIZE_PRESSURE,twoway_nolag_p1.05,10,13.076773,27.7916721,31.194216150000003,26.937288900000002,34.57974619,246.07881,211.341459,11020.5,0,0.6350330086580086,0.07908411535672921,0.9932092549993223,100.16385420001497,771561.0,1.05,2035,30.5442,30.5442,15.8072,15.8072,31.0987,31.0987,39.2697,39.2697,0.273759,0.273759,0.0071603,0.0071603,0.0646503,0.0646503
S4_MAIZE_PRESSURE,twoway_nolag_p1.05,11,13.710090999999998,27.9529969,31.629753530000002,25.707116999999997,28.325415579999998,242.72984,220.9447115,11020.5,0,0.6350178441558442,0.07605066137328946,0.9936558359744584,100.17478766638274,777469.0,1.05,2036,30.557,30.557,15.6831,15.6831,31.2208,31.2208,39.2724,39.2724,0.282305,0.282305,0.00693974,0.00693974,0.064765,0.064765
S4_MAIZE_PRESSURE,twoway_nolag_p1.05,12,13.585880999999999,27.617291,32.146086780000005,25.6507045,22.664598023,239.5388,229.7965559,11020.5,0,0.6350025930735931,0.07348237812865334,0.994109583921913,100.18697971799524,783048.0,1.05,2037,30.6279,30.6279,15.7267,15.7267,31.3564,31.3564,39.3036,39.3036,0.288161,0.288161,0.00684187,0.00684187,0.0649403,0.0649403
S4_MAIZE_PRESSURE,twoway_nolag_p1.05,13,13.082766999999999,28.981883,32.50140843,24.4338945,17.781738095,236.36981,237.848459,11020.5,0,0.6349877272727272,0.07130518258882233,0.9945428313531284,100.1949527195936,789058.0,1.05,2038,30.6429,30.6429,15.6366,15.6366,31.4562,31.4562,39.3102,39.3102,0.293277,0.293277,0.00663648,0.00663648,0.0650227,0.0650227
S4_MAIZE_PRESSURE,twoway_nolag_p1.05,14,13.573077,28.4851101,33.23097552,23.7107945,14.546298582,232.45996,244.9939115,11020.5,0,0.6349732337662338,0.06945730018305514,0.9947164147242029,100.20041578401045,794972.0,1.05,2039,30.6534,30.6534,15.5845,15.5845,31.5201,31.5201,39.3131,39.3131,0.299163,0.299163,0.00651146,0.00651146,0.0650924,0.0650924
S4_MAIZE_PRESSURE,twoway_nolag_p1.05,15,12.937363999999999,28.755196,33.82482372,23.4825745,11.53175641,228.79839,251.66994899999997,11020.5,0,0.6349592597402598,0.06788697202429861,0.9949796370959171,100.2064730216558,800903.0,1.05,2040,30.698,30.698,15.623,15.623,31.5961,31.5961,39.3341,39.3341,0.302026,0.302026,0.00642838,0.00642838,0.0651887,0.0651887
S4_MAIZE_PRESSURE,twoway_nolag_p1.05,16,12.654767,29.7252199,34.41520856,22.20476,10.466118,223.97764,257.5563228,11020.5,0,0.6349459393939394,0.06655090165910443,0.9950449043293004,100.20601176261994,807383.0,1.05,2041,30.6706,30.6706,15.5196,15.5196,31.6054,31.6054,39.3221,39.3221,0.304782,0.304782,0.00626178,0.00626178,0.0651639,0.0651639
S4_MAIZE_PRESSURE,twoway_nolag_p1.05,17,11.524801,30.4437737,35.05985235,21.97152333,9.064532999999999,219.95987,262.9756132,11020.5,0,0.6349333896103896,0.06541281223965013,0.9952074076122664,100.20855129268702,813503.0,1.05,2042,30.7065,30.7065,15.5735,15.5735,31.6482,31.6482,39.3406,39.3406,0.305432,0.305432,0.00619751,0.00619751,0.0652189,0.0652189
S4_MAIZE_PRESSURE,oneway_p1.1,0,4.16666,28.888351,58.2235419,7.7214279999999995,90.4608,386.83923599999997,14.700000000000001,11020.5,0,0.6350316017316017,0.16675684145156247,0.986836239790076,100.0,701203.0,1.1,2025,29.7797,29.7797,15.1922,15.1922,29.7551,29.7551,38.9184,38.9184,0.241031,0.241031,0.00891325,0.00891325,0.0630949,0.0630949
S4_MAIZE_PRESSURE,oneway_p1.1,1,4.749993,29.708277,48.947882899999996,15.593798,85.6843433,366.77872,39.53712,11020.5,0,0.6350642034632035,0.1497578693158225,0.9879961919141292,100.02765527734465,711305.0,1.1,2026,29.813,29.9791,15.2522,15.594,29.785,29.9257,38.9345,39.0165,0.239947,0.23454,0.00892423,0.00897904,0.0631278,0.0633354
S4_MAIZE_PRESSURE,oneway_p1.1,2,10.244396,25.270502,42.7946253,20.690427,80.42215159999999,349.15103,62.42700000000001,11020.5,0,0.6350840476190477,0.135496742080527,0.9885061213982725,100.05028636703712,719066.0,1.1,2027,29.8527,30.0507,15.3148,15.6712,29.8307,30.0453,38.9523,39.0426,0.240363,0.242435,0.0089264,0.0089372,0.0631801,0.0635098
S4_MAIZE_PRESSURE,oneway_p1.1,3,12.351777,23.53423,37.7931179,25.320827,75.3743224,332.98681999999997,83.638975,11020.5,0,0.6350939653679654,0.12352787643766407,0.9891900946001057,100.0714165523989,726006.0,1.1,2028,29.9062,30.1736,15.3989,15.8775,29.8929,30.1853,38.9764,39.0984,0.24084,0.243221,0.00892812,0.0089367,0.0632531,0.0637131
S4_MAIZE_PRESSURE,oneway_p1.1,4,14.010405299999999,22.916786,33.7988359,28.273927,70.0241676,318.92273,103.052957642,11020.5,0,0.6350962380952381,0.1134776950585426,0.9898520078599852,100.08953368430629,733030.0,1.1,2029,29.9643,30.2539,15.4827,15.9602,29.9669,30.3146,39.0024,39.1344,0.241422,0.244328,0.00891106,0.00882593,0.0633372,0.0638676
S4_MAIZE_PRESSURE,oneway_p1.1,5,14.3573965,23.0775673,31.0591252,30.505857000000002,64.72054625999999,306.182329,121.09712119999999,11020.5,0,0.6350928744588745,0.10503313940548063,0.9905148285315614,100.10596805516954,739456.0,1.1,2030,30.0283,30.348,15.5711,16.0749,30.0519,30.4512,39.0314,39.1785,0.241922,0.244416,0.00887662,0.00870477,0.0634328,0.0640352
S4_MAIZE_PRESSURE,oneway_p1.1,6,15.5138711,23.019023,29.7758154,30.691247,58.64320987,295.566072,137.790706,11020.5,0,0.6350851948051948,0.09793208376359236,0.9910491412076015,100.11962007674083,745582.0,1.1,2031,30.0867,30.378,15.6357,16.0032,30.1436,30.5749,39.0575,39.19,0.243311,0.250243,0.00880628,0.00845526,0.0635316,0.0641542
S4_MAIZE_PRESSURE,oneway_p1.1,7,17.1289644,23.82517,28.7519379,29.293867,53.23254128,285.60185,153.1656155,11020.5,0,0.635074632034632,0.09195526331669256,0.9914641997984541,100.12836570122661,752180.0,1.1,2032,30.1274,30.3304,15.6515,15.7419,30.2332,30.6543,39.0752,39.165,0.245647,0.257307,0.0086842,0.00807493,0.0636188,0.0641686
S4_MAIZE_PRESSURE,oneway_p1.1,8,19.2821666,23.978151,27.91013068,27.829527,47.0479471,277.514502,167.4375408,11020.5,0,0.6350618831168832,0.08691939267785,0.9918838871237478,100.13864890445777,758867.0,1.1,2033,30.1534,30.2833,15.6238,15.4659,30.3234,30.7472,39.0856,39.1384,0.249096,0.266307,0.00852369,0.00772268,0.0636991,0.0642052
S4_MAIZE_PRESSURE,oneway_p1.1,9,19.0650294,24.757065,27.36697157,27.810887,40.70608394,247.10350499999998,204.190394,11020.5,0,0.6350478181818182,0.08267156869718734,0.9924955358574722,100.15241929127943,767026.0,1.1,2034,30.1854,30.3451,15.5999,15.4636,30.4227,30.8895,39.0994,39.1697,0.252713,0.270764,0.00830686,0.00722475,0.063787,0.0643407
S4_MAIZE_PRESSURE,oneway_p1.1,10,19.3685061,25.196182,26.936958150000002,27.498297,34.57974619,246.07881,211.341459,11020.5,0,0.6350330086580086,0.07908411535672921,0.9930340429118112,100.16507524307741,773081.0,1.1,2035,30.2186,30.3841,15.5716,15.4105,30.5276,31.0207,39.1136,39.1854,0.256555,0.275731,0.0081032,0.00708682,0.0638816,0.0644778
S4_MAIZE_PRESSURE,oneway_p1.1,11,20.405572199999998,25.541189,26.65310313,26.400097,28.325415579999998,242.72984,220.9447115,11020.5,0,0.6350178441558442,0.07605066137328946,0.9935078076583752,100.17629544811071,778963.0,1.1,2036,30.2459,30.382,15.5233,15.2479,30.6344,31.136,39.1247,39.181,0.260986,0.283094,0.00789502,0.0068561,0.0639759,0.0645706
S4_MAIZE_PRESSURE,oneway_p1.1,12,20.8786216,25.132386,26.639200980000002,26.3497655,22.664598023,239.3788,229.95655589999998,11020.5,0,0.6350025930735931,0.07348237812865334,0.9939557834010966,100.18850017522003,784540.0,1.1,2037,30.2771,30.4329,15.4811,15.2409,30.7445,31.2623,39.1374,39.2021,0.265636,0.288844,0.00770264,0.00674258,0.064078,0.0647216
S4_MAIZE_PRESSURE,oneway_p1.1,13,21.659468,25.793035,26.39184573,25.1556,17.781738095,236.16148,238.056792,11020.5,0,0.6349877272727272,0.07130518258882233,0.9943303576576286,100.19652205927075,790651.0,1.1,2038,30.3004,30.4168,15.4204,15.0744,30.8502,31.3467,39.1464,39.1921,0.270485,0.294687,0.00750589,0.00652398,0.0641732,0.0647733
S4_MAIZE_PRESSURE,oneway_p1.1,14,22.085438,25.923163,26.531966620000002,24.4594,14.631969582,232.25163,245.1165695,11020.5,0,0.6349732337662338,0.06945730018305514,0.9945528679793855,100.2018570857027,796478.0,1.1,2039,30.3198,30.4169,15.3568,14.9951,30.9476,31.4052,39.1537,39.1908,0.275235,0.298938,0.00731787,0.00637959,0.064262,0.0648211
S4_MAIZE_PRESSURE,oneway_p1.1,15,22.154570999999997,26.028564999999997,26.56386552,24.252959999999998,11.53175541,228.59006,251.87828199999998,11020.5,0,0.6349592597402598,0.06788697202429861,0.9948111620699978,100.20814763461337,802367.0,1.1,2040,30.3401,30.441,15.3005,14.9796,31.0398,31.4732,39.1615,39.2012,0.279675,0.301833,0.00714436,0.00627844,0.0643486,0.0648949
S4_MAIZE_PRESSURE,oneway_p1.1,16,22.769512,26.447271999999998,26.744924660000002,23.03824,10.645988305,223.90642,257.4476605,11020.5,0,0.6349459393939394,0.06655090165910443,0.9948188929187003,100.20743252948124,808904.0,1.1,2041,30.3488,30.3925,15.2301,14.829,31.1151,31.4688,39.1642,39.1779,0.283882,0.304879,0.00697142,0.00610835,0.064417,0.0648476
S4_MAIZE_PRESSURE,oneway_p1.1,17,22.658812599999997,26.516433,27.00788966,22.81682,9.03271273,220.00193000000002,262.96538200000003,11020.5,0,0.6349333896103896,0.06541281223965013,0.9949447172982684,100.21045779725286,815072.0,1.1,2042,30.3586,30.4075,15.1698,14.8267,31.1835,31.5053,39.1677,39.185,0.287686,0.306666,0.00681413,0.00602919,0.0644815,0.0648879
S4_MAIZE_PRESSURE,twoway_p1.1,0,4.16666,28.888351,58.2235419,7.7214279999999995,90.4608,386.83923599999997,14.700000000000001,11020.5,0,0.6350316017316017,0.16675684145156247,0.986836239790076,100.0,701203.0,1.1,2025,29.7797,29.7797,15.1922,15.1922,29.7551,29.7551,38.9184,38.9184,0.241031,0.241031,0.00891325,0.00891325,0.0630949,0.0630949
S4_MAIZE_PRESSURE,twoway_p1.1,1,4.749993,29.708277,48.947882899999996,15.593798,85.6843433,366.77872,39.53712,11020.5,0,0.6350642034632035,0.1497578693158225,0.9879961919141292,100.02765527734465,711305.0,1.1,2026,29.813,29.9791,15.2522,15.594,29.785,29.9257,38.9345,39.0165,0.239947,0.23454,0.00892423,0.00897904,0.0631278,0.0633354
S4_MAIZE_PRESSURE,twoway_p1.1,2,10.244396,25.270502,42.7946253,20.690427,80.42215159999999,349.15103,62.42700000000001,11020.5,0,0.6350840476190477,0.135496742080527,0.9885061213982725,100.05028636703712,719066.0,1.1,2027,29.8527,30.0507,15.3148,15.6712,29.8307,30.0453,38.9523,39.0426,0.240363,0.242435,0.0089264,0.0089372,0.0631801,0.0635098
S4_MAIZE_PRESSURE,twoway_p1.1,3,12.351777,23.53423,37.7931179,25.320827,75.3743224,332.98681999999997,83.638975,11020.5,0,0.6350939653679654,0.12352787643766407,0.9891900946001057,100.0714165523989,726006.0,1.1,2028,29.9062,30.1736,15.3989,15.8775,29.8929,30.1853,38.9764,39.0984,0.24084,0.243221,0.00892812,0.0089367,0.0632531,0.0637131
S4_MAIZE_PRESSURE,twoway_p1.1,4,14.010405299999999,22.916786,33.7988359,28.273927,70.0241676,318.92273,103.052957642,11020.5,0,0.6350962380952381,0.1134776950585426,0.9898520078599852,100.08953368430629,733030.0,1.1,2029,29.9643,30.2539,15.4827,15.9602,29.9669,30.3146,39.0024,39.1344,0.241422,0.244328,0.00891106,0.00882593,0.0633372,0.0638676
S4_MAIZE_PRESSURE,twoway_p1.1,5,14.3573965,23.0775673,31.0591252,30.505857000000002,64.72054625999999,306.182329,121.09712119999999,11020.5,0,0.6350928744588745,0.10503313940548063,0.9905148285315614,100.10596805516954,739456.0,1.1,2030,30.0283,30.348,15.5711,16.0749,30.0519,30.4512,39.0314,39.1785,0.241922,0.244416,0.00887662,0.00870477,0.0634328,0.0640352
S4_MAIZE_PRESSURE,twoway_p1.1,6,15.5138711,23.019023,29.7758154,30.691247,58.64320987,295.566072,137.790706,11020.5,0,0.6350851948051948,0.09793208376359236,0.9910491412076015,100.11962007674083,745582.0,1.1,2031,30.0867,30.378,15.6357,16.0032,30.1436,30.5749,39.0575,39.19,0.243311,0.250243,0.00880628,0.00845526,0.0635316,0.0641542
S4_MAIZE_PRESSURE,twoway_p1.1,7,17.1289644,23.82517,28.7519379,29.293867,53.23254128,285.60185,153.1656155,11020.5,0,0.635074632034632,0.09195526331669256,0.9914641997984541,100.12836570122661,752180.0,1.1,2032,30.1274,30.3304,15.6515,15.7419,30.2332,30.6543,39.0752,39.165,0.245647,0.257307,0.0086842,0.00807493,0.0636188,0.0641686
S4_MAIZE_PRESSURE,twoway_p1.1,8,19.2821666,23.978151,27.91013068,27.829527,47.0479471,277.514502,167.4375408,11020.5,0,0.6350618831168832,0.08691939267785,0.9918838871237478,100.13864890445777,758867.0,1.1,2033,30.1534,30.2833,15.6238,15.4659,30.3234,30.7472,39.0856,39.1384,0.249096,0.266307,0.00852369,0.00772268,0.0636991,0.0642052
S4_MAIZE_PRESSURE,twoway_p1.1,9,19.0650294,24.757065,27.36697157,27.810887,40.70608394,247.10350499999998,204.190394,11020.5,0,0.6350478181818182,0.08267156869718734,0.9924955358574722,100.15241929127943,767026.0,1.1,2034,30.1854,30.3451,15.5999,15.4636,30.4227,30.8895,39.0994,39.1697,0.252713,0.270764,0.00830686,0.00722475,0.063787,0.0643407
S4_MAIZE_PRESSURE,twoway_p1.1,10,19.3685061,25.196182,26.936958150000002,27.498297,34.57974619,246.07881,211.341459,11020.5,0,0.6350330086580086,0.07908411535672921,0.9930340429118112,100.16507524307741,773081.0,1.1,2035,30.2186,30.3841,15.5716,15.4105,30.5276,31.0207,39.1136,39.1854,0.256555,0.275731,0.0081032,0.00708682,0.0638816,0.0644778
S4_MAIZE_PRESSURE,twoway_p1.1,11,20.405572199999998,25.541189,26.65310313,26.400097,28.325415579999998,242.72984,220.9447115,11020.5,0,0.6350178441558442,0.07605066137328946,0.9935078076583752,100.17629544811071,778963.0,1.1,2036,30.2459,30.382,15.5233,15.2479,30.6344,31.136,39.1247,39.181,0.260986,0.283094,0.00789502,0.0068561,0.0639759,0.0645706
S4_MAIZE_PRESSURE,twoway_p1.1,12,20.8786216,25.132386,26.639200980000002,26.3497655,22.664598023,239.3788,229.95655589999998,11020.5,0,0.6350025930735931,0.07348237812865334,0.9939557834010966,100.18850017522003,784540.0,1.1,2037,30.2771,30.4329,15.4811,15.2409,30.7445,31.2623,39.1374,39.2021,0.265636,0.288844,0.00770264,0.00674258,0.064078,0.0647216
S4_MAIZE_PRESSURE,twoway_p1.1,13,21.659468,25.793035,26.39184573,25.1556,17.781738095,236.16148,238.056792,11020.5,0,0.6349877272727272,0.07130518258882233,0.9943303576576286,100.19652205927075,790651.0,1.1,2038,30.3004,30.4168,15.4204,15.0744,30.8502,31.3467,39.1464,39.1921,0.270485,0.294687,0.00750589,0.00652398,0.0641732,0.0647733
S4_MAIZE_PRESSURE,twoway_p1.1,14,22.085438,25.923163,26.531966620000002,24.4594,14.631969582,232.25163,245.1165695,11020.5,0,0.6349732337662338,0.06945730018305514,0.9945528679793855,100.2018570857027,796478.0,1.1,2039,30.3198,30.4169,15.3568,14.9951,30.9476,31.4052,39.1537,39.1908,0.275235,0.298938,0.00731787,0.00637959,0.064262,0.0648211
S4_MAIZE_PRESSURE,twoway_p1.1,15,22.154570999999997,26.028564999999997,26.56386552,24.252959999999998,11.53175541,228.59006,251.87828199999998,11020.5,0,0.6349592597402598,0.06788697202429861,0.9948111620699978,100.20814763461337,802367.0,1.1,2040,30.3401,30.441,15.3005,14.9796,31.0398,31.4732,39.1615,39.2012,0.279675,0.301833,0.00714436,0.00627844,0.0643486,0.0648949
S4_MAIZE_PRESSURE,twoway_p1.1,16,22.769512,26.447271999999998,26.744924660000002,23.03824,10.645988305,223.90642,257.4476605,11020.5,0,0.6349459393939394,0.06655090165910443,0.9948188929187003,100.20743252948124,808904.0,1.1,2041,30.3488,30.3925,15.2301,14.829,31.1151,31.4688,39.1642,39.1779,0.283882,0.304879,0.00697142,0.00610835,0.064417,0.0648476
S4_MAIZE_PRESSURE,twoway_p1.1,17,22.658812599999997,26.516433,27.00788966,22.81682,9.03271273,220.00193000000002,262.96538200000003,11020.5,0,0.6349333896103896,0.06541281223965013,0.9949447172982684,100.21045779725286,815072.0,1.1,2042,30.3586,30.4075,15.1698,14.8267,31.1835,31.5053,39.1677,39.185,0.287686,0.306666,0.00681413,0.00602919,0.0644815,0.0648879
S4_MAIZE_PRESSURE,twoway_nolag_p1.1,0,4.16666,28.888351,58.2235419,7.7214279999999995,90.4608,386.83923599999997,14.700000000000001,11020.5,0,0.6350316017316017,0.16675684145156247,0.986836239790076,100.0,701203.0,1.1,2025,29.7797,29.7797,15.1922,15.1922,29.7551,29.7551,38.9184,38.9184,0.241031,0.241031,0.00891325,0.00891325,0.0630949,0.0630949
S4_MAIZE_PRESSURE,twoway_nolag_p1.1,1,4.749993,29.708277,48.947882899999996,15.593798,85.6843433,366.77872,39.53712,11020.5,0,0.6350642034632035,0.1497578693158225,0.9879961919141292,100.02765527734465,711305.0,1.1,2026,29.9791,29.9791,15.594,15.594,29.9257,29.9257,39.0165,39.0165,0.23454,0.23454,0.00897904,0.00897904,0.0633354,0.0633354
S4_MAIZE_PRESSURE,twoway_nolag_p1.1,2,10.244396,25.270502,42.7946253,20.690427,80.42215159999999,349.15103,62.42700000000001,11020.5,0,0.6350840476190477,0.135496742080527,0.9885061213982725,100.05028636703712,719066.0,1.1,2027,30.0507,30.0507,15.6712,15.6712,30.0453,30.0453,39.0426,39.0426,0.242435,0.242435,0.0089372,0.0089372,0.0635098,0.0635098
S4_MAIZE_PRESSURE,twoway_nolag_p1.1,3,12.351777,23.53423,37.7931179,25.320827,75.3743224,332.98681999999997,83.638975,11020.5,0,0.6350939653679654,0.12352787643766407,0.9891900946001057,100.0714165523989,726006.0,1.1,2028,30.1736,30.1736,15.8775,15.8775,30.1853,30.1853,39.0984,39.0984,0.243221,0.243221,0.0089367,0.0089367,0.0637131,0.0637131
S4_MAIZE_PRESSURE,twoway_nolag_p1.1,4,14.010405299999999,22.916786,33.7988359,28.273927,70.0241676,318.92273,103.052957642,11020.5,0,0.6350962380952381,0.1134776950585426,0.9898520078599852,100.08953368430629,733030.0,1.1,2029,30.2539,30.2539,15.9602,15.9602,30.3146,30.3146,39.1344,39.1344,0.244328,0.244328,0.00882593,0.00882593,0.0638676,0.0638676
S4_MAIZE_PRESSURE,twoway_nolag_p1.1,5,14.3573965,23.0775673,31.0591252,30.505857000000002,64.72054625999999,306.182329,121.09712119999999,11020.5,0,0.6350928744588745,0.10503313940548063,0.9905148285315614,100.10596805516954,739456.0,1.1,2030,30.348,30.348,16.0749,16.0749,30.4512,30.4512,39.1785,39.1785,0.244416,0.244416,0.00870477,0.00870477,0.0640352,0.0640352
S4_MAIZE_PRESSURE,twoway_nolag_p1.1,6,15.5138711,23.019023,29.7758154,30.691247,58.64320987,295.566072,137.790706,11020.5,0,0.6350851948051948,0.09793208376359236,0.9910491412076015,100.11962007674083,745582.0,1.1,2031,30.378,30.378,16.0032,16.0032,30.5749,30.5749,39.19,39.19,0.250243,0.250243,0.00845526,0.00845526,0.0641542,0.0641542
S4_MAIZE_PRESSURE,twoway_nolag_p1.1,7,17.1289644,23.82517,28.7519379,29.293867,53.23254128,285.60185,153.1656155,11020.5,0,0.635074632034632,0.09195526331669256,0.9914641997984541,100.12836570122661,752180.0,1.1,2032,30.3304,30.3304,15.7419,15.7419,30.6543,30.6543,39.165,39.165,0.257307,0.257307,0.00807493,0.00807493,0.0641686,0.0641686
S4_MAIZE_PRESSURE,twoway_nolag_p1.1,8,19.2821666,23.978151,27.91013068,27.829527,47.0479471,277.514502,167.4375408,11020.5,0,0.6350618831168832,0.08691939267785,0.9918838871237478,100.13864890445777,758867.0,1.1,2033,30.2833,30.2833,15.4659,15.4659,30.7472,30.7472,39.1384,39.1384,0.266307,0.266307,0.00772268,0.00772268,0.0642052,0.0642052
S4_MAIZE_PRESSURE,twoway_nolag_p1.1,9,19.0650294,24.757065,27.36697157,27.810887,40.70608394,247.10350499999998,204.190394,11020.5,0,0.6350478181818182,0.08267156869718734,0.9924955358574722,100.15241929127943,767026.0,1.1,2034,30.3451,30.3451,15.4636,15.4636,30.8895,30.8895,39.1697,39.1697,0.270764,0.270764,0.00722475,0.00722475,0.0643407,0.0643407
S4_MAIZE_PRESSURE,twoway_nolag_p1.1,10,19.3685061,25.196182,26.936958150000002,27.498297,34.57974619,246.07881,211.341459,11020.5,0,0.6350330086580086,0.07908411535672921,0.9930340429118112,100.16507524307741,773081.0,1.1,2035,30.3841,30.3841,15.4105,15.4105,31.0207,31.0207,39.1854,39.1854,0.275731,0.275731,0.00708682,0.00708682,0.0644778,0.0644778
S4_MAIZE_PRESSURE,twoway_nolag_p1.1,11,20.405572199999998,25.541189,26.65310313,26.400097,28.325415579999998,242.72984,220.9447115,11020.5,0,0.6350178441558442,0.07605066137328946,0.9935078076583752,100.17629544811071,778963.0,1.1,2036,30.382,30.382,15.2479,15.2479,31.136,31.136,39.181,39.181,0.283094,0.283094,0.0068561,0.0068561,0.0645706,0.0645706
S4_MAIZE_PRESSURE,twoway_nolag_p1.1,12,20.8786216,25.132386,26.639200980000002,26.3497655,22.664598023,239.3788,229.95655589999998,11020.5,0,0.6350025930735931,0.07348237812865334,0.9939557834010966,100.18850017522003,784540.0,1.1,2037,30.4329,30.4329,15.2409,15.2409,31.2623,31.2623,39.2021,39.2021,0.288844,0.288844,0.00674258,0.00674258,0.0647216,0.0647216
S4_MAIZE_PRESSURE,twoway_nolag_p1.1,13,21.659468,25.793035,26.39184573,25.1556,17.781738095,236.16148,238.056792,11020.5,0,0.6349877272727272,0.07130518258882233,0.9943303576576286,100.19652205927075,790651.0,1.1,2038,30.4168,30.4168,15.0744,15.0744,31.3467,31.3467,39.1921,39.1921,0.294687,0.294687,0.00652398,0.00652398,0.0647733,0.0647733
S4_MAIZE_PRESSURE,twoway_nolag_p1.1,14,22.085438,26.004262999999998,26.40987962,24.50039,14.631969582,232.25163,245.1165695,11020.5,0,0.6380584155844156,0.06879105329101606,0.9945633822983686,100.20194620113114,796465.0,1.1,2039,30.4162,30.4162,14.9931,14.9931,31.4049,31.4049,39.1905,39.1905,0.298604,0.298604,0.0063787,0.0063787,0.064819,0.064819
S4_MAIZE_PRESSURE,twoway_nolag_p1.1,15,22.154570999999997,26.175355,26.342888520000002,24.32714,11.53175541,228.59006,251.87828199999998,11020.5,0,0.6429827575757576,0.0667375571615975,0.9948301929413487,100.20830887712349,802343.0,1.1,2040,30.4398,30.4398,14.9761,14.9761,31.4728,31.4728,39.2008,39.2008,0.301227,0.301227,0.00627684,0.00627684,0.064891,0.064891
S4_MAIZE_PRESSURE,twoway_nolag_p1.1,16,22.019512,27.397272,26.44384566,23.139319999999998,10.645988305,223.90642,257.4476605,11020.5,0,0.6478991168831169,0.06551322086345375,0.9949094134374541,100.20765224810602,808810.0,1.1,2041,30.4028,30.4028,14.8512,14.8512,31.4749,31.4749,39.1844,39.1844,0.30265,0.30265,0.00609792,0.00609792,0.0648483,0.0648483
S4_MAIZE_PRESSURE,twoway_nolag_p1.1,17,21.1892066,28.229139,26.64192866,22.93968,9.03271273,220.00193000000002,262.96538200000003,11020.5,0,0.6553507532467532,0.06556611317026687,0.9951027991135607,100.21072483490985,814901.0,1.1,2042,30.4288,30.4288,14.8738,14.8738,31.5177,31.5177,39.198,39.198,0.302949,0.302949,0.00601118,0.00601118,0.0648931,0.0648931
S4_MAIZE_PRESSURE,oneway_p1.15,0,4.16666,28.888351,58.2235419,7.7214279999999995,90.4608,386.83923599999997,14.700000000000001,11020.5,0,0.6350316017316017,0.16675684145156247,0.986836239790076,100.0,701203.0,1.15,2025,29.7797,29.7797,15.1922,15.1922,29.7551,29.7551,38.9184,38.9184,0.241031,0.241031,0.00891325,0.00891325,0.0630949,0.0630949
S4_MAIZE_PRESSURE,oneway_p1.15,1,4.749993,29.708277,48.947882899999996,15.593798,85.6843433,366.77872,39.53712,11020.5,0,0.6350642034632035,0.1497578693158225,0.9879961919141292,100.02765527734465,712072.0,1.15,2026,29.813,29.9791,15.2522,15.594,29.785,29.9257,38.9345,39.0165,0.239947,0.23454,0.00892423,0.00897904,0.0631278,0.0633354
S4_MAIZE_PRESSURE,oneway_p1.15,2,11.244396,24.312695,42.7524322,20.690427,80.42215159999999,349.15103,62.42700000000001,11020.5,0,0.6350840476190477,0.135496742080527,0.9884236336154473,100.05028636703712,720113.0,1.15,2027,29.85,30.0345,15.3091,15.6332,29.8292,30.0371,38.9508,39.0331,0.24072,0.244578,0.00892665,0.00893871,0.063179,0.0635016
S4_MAIZE_PRESSURE,oneway_p1.15,3,15.546804999999999,20.744798,37.3875213,25.320827,75.3743224,332.98681999999997,83.638975,11020.5,0,0.6350939653679654,0.12352787643766407,0.9889498645359466,100.0714165523989,727392.0,1.15,2028,29.8943,30.1158,15.3735,15.7404,29.8865,30.1557,38.9696,39.0654,0.242207,0.249626,0.00892917,0.00894175,0.063247,0.0636754
S4_MAIZE_PRESSURE,oneway_p1.15,4,20.0041403,18.98868,31.662963400000002,28.344193,70.0241676,318.92273,103.052957642,11020.5,0,0.6350962380952381,0.1134776950585426,0.9895197629021842,100.08968696275919,734621.0,1.15,2029,29.932,30.1201,15.4125,15.6347,29.9499,30.248,38.9848,39.0616,0.244013,0.253025,0.00890709,0.00879688,0.0633156,0.0637483
S4_MAIZE_PRESSURE,oneway_p1.15,5,23.458685,17.53416,27.31447879,30.692642,64.72054625999999,306.182329,121.09712119999999,11020.5,0,0.6350928744588745,0.10503313940548063,0.9900535064009405,100.10637530631028,741236.0,1.15,2030,29.9663,30.1372,15.4348,15.5617,30.0193,30.3455,38.9979,39.0647,0.246001,0.25592,0.00886737,0.00866912,0.0633871,0.0638374
S4_MAIZE_PRESSURE,oneway_p1.15,6,27.302376,17.202049,23.50373433,30.991796,58.64320987,295.566072,137.790706,11020.5,0,0.6350851948051948,0.09793208376359236,0.990574058413177,100.12027509939236,747496.0,1.15,2031,29.9851,30.0788,15.4099,15.2677,30.0908,30.4267,39.0034,39.0314,0.248458,0.260723,0.00878571,0.00837822,0.0634501,0.0638475
S4_MAIZE_PRESSURE,oneway_p1.15,7,32.510443,16.774493,19.95738976,29.757620999999997,53.23254128,285.60185,153.1656155,11020.5,0,0.635074632034632,0.09195526331669256,0.9908969233550421,100.12937614600452,754367.0,1.15,2032,29.9761,29.9314,15.3129,14.7605,30.1549,30.4562,38.9953,38.9542,0.251712,0.267949,0.00865366,0.00799464,0.0634911,0.0637492
S4_MAIZE_PRESSURE,oneway_p1.15,8,36.823176,16.666506,17.08485478,28.425482,47.0479471,277.514502,167.4375408,11020.5,0,0.6350618831168832,0.08691939267785,0.9913055179947008,100.13994698820694,761288.0,1.15,2033,29.9494,29.8159,15.1638,14.3145,30.2181,30.515,38.9784,38.8927,0.255568,0.27481,0.00848576,0.00764788,0.0635198,0.0637006
S4_MAIZE_PRESSURE,oneway_p1.15,9,39.263946,16.464038,14.75806375,28.513908999999998,40.70608394,247.10350499999998,204.190394,11020.5,0,0.6350478181818182,0.08267156869718734,0.9918418727828431,100.15394994692628,769608.0,1.15,2034,29.9252,29.8044,15.0097,14.1322,30.2886,30.6202,38.9632,38.8857,0.25933,0.278105,0.00826372,0.00715564,0.0635518,0.0637536
S4_MAIZE_PRESSURE,oneway_p1.15,10,40.836017,17.002534,12.873394110000001,28.288051,34.57974619,246.07881,211.341459,11020.5,0,0.6350330086580086,0.07908411535672921,0.9923964038053585,100.16679407955915,775748.0,1.15,2035,29.9039,29.7976,14.8537,13.9649,30.3658,30.7285,38.9492,38.8785,0.262883,0.280616,0.00805529,0.00701509,0.0635899,0.0638301
S4_MAIZE_PRESSURE,oneway_p1.15,11,43.359384,17.033722,11.34680146,27.260088,28.325415579999998,242.72984,220.9447115,11020.5,0,0.6350178441558442,0.07605066137328946,0.9928491924981381,100.17816651670447,781800.0,1.15,2036,29.8783,29.7505,14.6802,13.6919,30.4456,30.8205,38.933,38.8509,0.2668,0.286349,0.00784647,0.00680436,0.063628,0.063868
S4_MAIZE_PRESSURE,oneway_p1.15,12,43.974123,17.475652,10.11026266,27.439964,22.664598023,239.5388,229.7965559,11020.5,0,0.6350025930735931,0.07348237812865334,0.9933902610363361,100.19087121810819,787379.0,1.15,2037,29.8625,29.784,14.5247,13.6393,30.532,30.9383,38.9217,38.8644,0.270353,0.288085,0.00765362,0.00669119,0.0636767,0.0639839
S4_MAIZE_PRESSURE,oneway_p1.15,13,46.059562,17.496112,9.10866719,26.335645,17.781738095,236.36981,237.848459,11020.5,0,0.6349877272727272,0.07130518258882233,0.9937174381150422,100.19908787648446,793621.0,1.15,2038,29.8415,29.7365,14.3564,13.398,30.6151,31.0055,38.9079,38.8377,0.274177,0.293257,0.00746212,0.00650645,0.0637212,0.0640019
S4_MAIZE_PRESSURE,oneway_p1.15,14,47.486279,17.512684,8.29737047,25.70366,14.631969582,232.45996,244.9082365,11020.5,0,0.6349732337662338,0.06945730018305514,0.993935700117605,100.20456209067126,799524.0,1.15,2039,29.8187,29.7049,14.1897,13.2403,30.6911,31.0479,38.8935,38.8202,0.277815,0.295972,0.00728003,0.00637131,0.0637607,0.0640096
S4_MAIZE_PRESSURE,oneway_p1.15,15,48.284427,17.526106,7.64022237,25.549261,11.53175541,228.79839,251.66994899999997,11020.5,0,0.6349592597402598,0.06788697202429861,0.994190552113299,100.21096524087447,805463.0,1.15,2040,29.7999,29.7058,14.037,13.1674,30.7635,31.104,38.8812,38.8189,0.281136,0.29771,0.00711271,0.00627771,0.0638009,0.0640539
S4_MAIZE_PRESSURE,oneway_p1.15,16,49.978395,17.536978,7.107934199000001,24.376666,10.645988305,223.90642,257.4476605,11020.5,0,0.6349459393939394,0.06655090165910443,0.9941667900564972,100.21034176257453,812101.0,1.15,2041,29.7714,29.6292,13.8744,12.9483,30.82,31.0852,38.8647,38.7807,0.284265,0.299877,0.00694705,0.00612034,0.0638247,0.0639751
S4_MAIZE_PRESSURE,oneway_p1.15,17,50.588035,17.545786,6.676779722,24.189382,9.03271273,220.00193000000002,262.96538200000003,11020.5,0,0.6349333896103896,0.06541281223965013,0.9942903563355767,100.21344095563892,818333.0,1.15,2042,29.7462,29.6205,13.7269,12.8869,30.8708,31.11,38.85,38.7758,0.286992,0.300604,0.00679569,0.00604028,0.0638468,0.0639856
S4_MAIZE_PRESSURE,twoway_p1.15,0,4.16666,28.888351,58.2235419,7.7214279999999995,90.4608,386.83923599999997,14.700000000000001,11020.5,0,0.6350316017316017,0.16675684145156247,0.986836239790076,100.0,701203.0,1.15,2025,29.7797,29.7797,15.1922,15.1922,29.7551,29.7551,38.9184,38.9184,0.241031,0.241031,0.00891325,0.00891325,0.0630949,0.0630949
S4_MAIZE_PRESSURE,twoway_p1.15,1,4.749993,29.708277,48.947882899999996,15.593798,85.6843433,366.77872,39.53712,11020.5,0,0.6350642034632035,0.1497578693158225,0.9879961919141292,100.02765527734465,712072.0,1.15,2026,29.813,29.9791,15.2522,15.594,29.785,29.9257,38.9345,39.0165,0.239947,0.23454,0.00892423,0.00897904,0.0631278,0.0633354
S4_MAIZE_PRESSURE,twoway_p1.15,2,11.244396,24.312695,42.7524322,20.690427,80.42215159999999,349.15103,62.42700000000001,11020.5,0,0.6350840476190477,0.135496742080527,0.9884236336154473,100.05028636703712,720113.0,1.15,2027,29.85,30.0345,15.3091,15.6332,29.8292,30.0371,38.9508,39.0331,0.24072,0.244578,0.00892665,0.00893871,0.063179,0.0635016
S4_MAIZE_PRESSURE,twoway_p1.15,3,15.546804999999999,20.744798,37.3875213,25.320827,75.3743224,332.98681999999997,83.638975,11020.5,0,0.6350939653679654,0.12352787643766407,0.9889498645359466,100.0714165523989,727392.0,1.15,2028,29.8943,30.1158,15.3735,15.7404,29.8865,30.1557,38.9696,39.0654,0.242207,0.249626,0.00892917,0.00894175,0.063247,0.0636754
S4_MAIZE_PRESSURE,twoway_p1.15,4,20.0041403,18.98868,31.662963400000002,28.344193,70.0241676,318.92273,103.052957642,11020.5,0,0.6350962380952381,0.1134776950585426,0.9895197629021842,100.08968696275919,734621.0,1.15,2029,29.932,30.1201,15.4125,15.6347,29.9499,30.248,38.9848,39.0616,0.244013,0.253025,0.00890709,0.00879688,0.0633156,0.0637483
S4_MAIZE_PRESSURE,twoway_p1.15,5,23.458685,17.53416,27.31447879,30.692642,64.72054625999999,306.182329,121.09712119999999,11020.5,0,0.6350928744588745,0.10503313940548063,0.9900535064009405,100.10637530631028,741236.0,1.15,2030,29.9663,30.1372,15.4348,15.5617,30.0193,30.3455,38.9979,39.0647,0.246001,0.25592,0.00886737,0.00866912,0.0633871,0.0638374
S4_MAIZE_PRESSURE,twoway_p1.15,6,27.302376,17.202049,23.50373433,30.991796,58.64320987,295.566072,137.790706,11020.5,0,0.6350851948051948,0.09793208376359236,0.990574058413177,100.12027509939236,747496.0,1.15,2031,29.9851,30.0788,15.4099,15.2677,30.0908,30.4267,39.0034,39.0314,0.248458,0.260723,0.00878571,0.00837822,0.0634501,0.0638475
S4_MAIZE_PRESSURE,twoway_p1.15,7,32.510443,16.774493,19.95738976,29.757620999999997,53.23254128,285.60185,153.1656155,11020.5,0,0.635074632034632,0.09195526331669256,0.9908969233550421,100.12937614600452,754367.0,1.15,2032,29.9761,29.9314,15.3129,14.7605,30.1549,30.4562,38.9953,38.9542,0.251712,0.267949,0.00865366,0.00799464,0.0634911,0.0637492
S4_MAIZE_PRESSURE,twoway_p1.15,8,36.823176,16.666506,17.08485478,28.425482,47.0479471,277.514502,167.4375408,11020.5,0,0.6350618831168832,0.08691939267785,0.9913055179947008,100.13994698820694,761288.0,1.15,2033,29.9494,29.8159,15.1638,14.3145,30.2181,30.515,38.9784,38.8927,0.255568,0.27481,0.00848576,0.00764788,0.0635198,0.0637006
S4_MAIZE_PRESSURE,twoway_p1.15,9,39.013946,16.714038,14.75806375,28.513908999999998,40.70608394,247.10350499999998,204.190394,11020.5,0,0.6357917056277056,0.08244565046691651,0.9918634031623202,100.15394994692628,769582.0,1.15,2034,29.9258,29.8084,15.011,14.1411,30.289,30.6225,38.9635,38.888,0.259235,0.277535,0.00826261,0.00714895,0.0635521,0.0637557
S4_MAIZE_PRESSURE,twoway_p1.15,10,40.363372,17.475179,12.873394110000001,28.288051,34.57974619,246.07881,211.341459,11020.5,0,0.6404518831168832,0.07782480759338335,0.9924371087099394,100.16679407955915,775703.0,1.15,2035,29.9057,29.8052,14.8573,13.9818,30.3669,30.7329,38.9503,38.883,0.262626,0.279551,0.00805218,0.00700207,0.0635907,0.0638341
S4_MAIZE_PRESSURE,twoway_p1.15,11,42.714871,17.678232,11.34680146,27.260088,28.325415579999998,242.72984,220.9447115,11020.5,0,0.6485747445887445,0.07438298141101231,0.9929046989340674,100.17816651670447,781672.0,1.15,2036,29.8815,29.7608,14.6867,13.7149,30.4476,30.8266,38.9349,38.857,0.266345,0.284907,0.00784077,0.00678569,0.0636294,0.0638734
S4_MAIZE_PRESSURE,twoway_p1.15,12,42.3254,19.124372,10.11026266,27.439964,22.664598023,239.5388,229.7965559,11020.5,0,0.6598045281385282,0.07379855009184792,0.9935322515618411,100.19087121810819,787132.0,1.15,2037,29.8696,29.8104,14.539,13.6981,30.5364,30.954,38.9259,38.88,0.269369,0.284458,0.00764093,0.00664368,0.0636799,0.0639981
S4_MAIZE_PRESSURE,twoway_p1.15,13,43.660508,19.895163,9.10866719,26.335645,17.781738095,236.36981,237.848459,11020.5,0,0.6726208658008658,0.07673257618935923,0.9939240482845431,100.19908787648446,793289.0,1.15,2038,29.8538,29.7749,14.3814,13.4835,30.6227,31.0283,38.9151,38.8603,0.272485,0.288034,0.00743971,0.00643548,0.0637268,0.0640225
S4_MAIZE_PRESSURE,twoway_p1.15,14,44.350031,20.648929,8.29737047,25.70366,14.631969582,232.45996,244.9082365,11020.5,0,0.6863964891774892,0.08259777098265508,0.9942057985492911,100.20456209067126,799116.0,1.15,2039,29.8373,29.7551,14.2276,13.3518,30.7026,31.0778,38.9043,38.8498,0.275277,0.289212,0.00724567,0.00627735,0.0637692,0.0640367
S4_MAIZE_PRESSURE,twoway_p1.15,15,43.475729,22.334798,7.64022237,25.549261,11.53175541,228.79839,251.66994899999997,11020.5,0,0.7002891558441559,0.08988961820072025,0.9946046844753322,100.21096524087447,804839.0,1.15,2040,29.8282,29.7828,14.0948,13.3385,30.7811,31.15,38.8977,38.8643,0.277319,0.287509,0.00706037,0.00613563,0.0638139,0.0640957
S4_MAIZE_PRESSURE,twoway_p1.15,16,44.665015,22.850352,7.107934199000001,24.376666,10.645988305,223.90642,257.4476605,11020.5,0,0.7133668701298701,0.09693877912535055,0.994624386400512,100.21034176257453,811413.0,1.15,2041,29.8092,29.7141,13.9518,13.1369,30.8433,31.1358,38.8867,38.8308,0.279219,0.288702,0.00687688,0.00596113,0.0638423,0.064021
S4_MAIZE_PRESSURE,twoway_p1.15,17,42.378842,25.349543,6.676779722,24.594812,9.03271273,220.00193000000002,262.96538200000003,11020.5,0,0.7255640952380953,0.10314207806022817,0.9949973444908292,100.2143220757269,817277.0,1.15,2042,29.8025,29.7688,13.8432,13.2247,30.905,31.195,38.8825,38.861,0.279952,0.283609,0.00670456,0.00584463,0.0638748,0.0640796
S4_MAIZE_PRESSURE,twoway_nolag_p1.15,0,4.16666,28.888351,58.2235419,7.7214279999999995,90.4608,386.83923599999997,14.700000000000001,11020.5,0,0.6350316017316017,0.16675684145156247,0.986836239790076,100.0,701203.0,1.15,2025,29.7797,29.7797,15.1922,15.1922,29.7551,29.7551,38.9184,38.9184,0.241031,0.241031,0.00891325,0.00891325,0.0630949,0.0630949
S4_MAIZE_PRESSURE,twoway_nolag_p1.15,1,4.749993,29.708277,48.947882899999996,15.593798,85.6843433,366.77872,39.53712,11020.5,0,0.6350642034632035,0.1497578693158225,0.9879961919141292,100.02765527734465,712072.0,1.15,2026,29.9791,29.9791,15.594,15.594,29.9257,29.9257,39.0165,39.0165,0.23454,0.23454,0.00897904,0.00897904,0.0633354,0.0633354
S4_MAIZE_PRESSURE,twoway_nolag_p1.15,2,11.244396,24.312695,42.7524322,20.690427,80.42215159999999,349.15103,62.42700000000001,11020.5,0,0.6350840476190477,0.135496742080527,0.9884236336154473,100.05028636703712,720113.0,1.15,2027,30.0345,30.0345,15.6332,15.6332,30.0371,30.0371,39.0331,39.0331,0.244578,0.244578,0.00893871,0.00893871,0.0635016,0.0635016
S4_MAIZE_PRESSURE,twoway_nolag_p1.15,3,15.546804999999999,20.744798,37.3875213,25.320827,75.3743224,332.98681999999997,83.638975,11020.5,0,0.6350939653679654,0.12352787643766407,0.9889498645359466,100.0714165523989,727392.0,1.15,2028,30.1158,30.1158,15.7404,15.7404,30.1557,30.1557,39.0654,39.0654,0.249626,0.249626,0.00894175,0.00894175,0.0636754,0.0636754
S4_MAIZE_PRESSURE,twoway_nolag_p1.15,4,20.0041403,18.98868,31.662963400000002,28.344193,70.0241676,318.92273,103.052957642,11020.5,0,0.6350962380952381,0.1134776950585426,0.9895197629021842,100.08968696275919,734621.0,1.15,2029,30.1201,30.1201,15.6347,15.6347,30.248,30.248,39.0616,39.0616,0.253025,0.253025,0.00879688,0.00879688,0.0637483,0.0637483
S4_MAIZE_PRESSURE,twoway_nolag_p1.15,5,23.458685,17.53416,27.31447879,30.692642,64.72054625999999,306.182329,121.09712119999999,11020.5,0,0.6350928744588745,0.10503313940548063,0.9900535064009405,100.10637530631028,741236.0,1.15,2030,30.1372,30.1372,15.5617,15.5617,30.3455,30.3455,39.0647,39.0647,0.25592,0.25592,0.00866912,0.00866912,0.0638374,0.0638374
S4_MAIZE_PRESSURE,twoway_nolag_p1.15,6,27.302376,17.202049,23.50373433,30.991796,58.64320987,295.566072,137.790706,11020.5,0,0.6350851948051948,0.09793208376359236,0.990574058413177,100.12027509939236,747496.0,1.15,2031,30.0788,30.0788,15.2677,15.2677,30.4267,30.4267,39.0314,39.0314,0.260723,0.260723,0.00837822,0.00837822,0.0638475,0.0638475
S4_MAIZE_PRESSURE,twoway_nolag_p1.15,7,32.510443,16.774493,19.95738976,29.757620999999997,53.23254128,285.60185,153.1656155,11020.5,0,0.635074632034632,0.09195526331669256,0.9908969233550421,100.12937614600452,754367.0,1.15,2032,29.9314,29.9314,14.7605,14.7605,30.4562,30.4562,38.9542,38.9542,0.267949,0.267949,0.00799464,0.00799464,0.0637492,0.0637492
S4_MAIZE_PRESSURE,twoway_nolag_p1.15,8,35.948199,17.54148,17.08485478,28.425482,47.0479471,277.514502,167.4375408,11020.5,0,0.6463449177489178,0.08462816381111574,0.9913808723394012,100.13994698820694,761158.0,1.15,2033,29.8298,29.8298,14.3458,14.3458,30.523,30.523,38.9009,38.9009,0.272775,0.272775,0.00762589,0.00762589,0.0637078,0.0637078
S4_MAIZE_PRESSURE,twoway_nolag_p1.15,9,36.881047,18.846934,14.75806375,28.513908999999998,40.70608394,247.10350499999998,204.190394,11020.5,0,0.6661104718614719,0.08372033498789337,0.9920470916596911,100.15394994692628,769306.0,1.15,2034,29.8424,29.8424,14.2174,14.2174,30.6423,30.6423,38.9081,38.9081,0.272748,0.272748,0.00709469,0.00709469,0.0637737,0.0637737
S4_MAIZE_PRESSURE,twoway_nolag_p1.15,10,38.24002,19.598528,12.873394110000001,28.288051,34.57974619,246.07881,211.341459,11020.5,0,0.6842964675324675,0.08933029112844929,0.9926199750041989,100.16679407955915,775398.0,1.15,2035,29.8391,29.8391,14.0577,14.0577,30.7529,30.7529,38.903,38.903,0.274844,0.274844,0.00694663,0.00694663,0.0638521,0.0638521
S4_MAIZE_PRESSURE,twoway_nolag_p1.15,11,38.833289,21.559812,11.34680146,27.260088,28.325415579999998,242.72984,220.9447115,11020.5,0,0.7012113333333333,0.09745278081818448,0.9932389866660576,100.17816651670447,781230.0,1.15,2036,29.8229,29.8229,13.8534,13.8534,30.8632,30.8632,38.8936,38.8936,0.27647,0.27647,0.00668299,0.00668299,0.0639067,0.0639067
S4_MAIZE_PRESSURE,twoway_nolag_p1.15,12,37.831725,23.274019,10.11026266,27.783984,22.664598023,239.5388,229.7965559,11020.5,0,0.7171142467532468,0.10600624407246906,0.9939192536692093,100.19161938285389,786595.0,1.15,2037,29.897,29.897,13.8981,13.8981,31.0024,31.0024,38.9292,38.9292,0.274872,0.274872,0.00656461,0.00656461,0.0640565,0.0640565
S4_MAIZE_PRESSURE,twoway_nolag_p1.15,13,38.57476,24.618978,9.10866719,26.697575,17.781738095,236.36981,237.848459,11020.5,0,0.7283339826839826,0.11020514745860838,0.9943620406186378,100.19987479730206,792666.0,1.15,2038,29.8717,29.8717,13.7063,13.7063,31.0828,31.0828,38.9154,38.9154,0.277388,0.277388,0.00634269,0.00634269,0.0640872,0.0640872
S4_MAIZE_PRESSURE,twoway_nolag_p1.15,14,39.279883,25.342621,8.29737047,26.08011,14.631969582,232.45996,244.9082365,11020.5,0,0.7391592121212122,0.11420717173872731,0.9946424473801482,100.20538044685819,798399.0,1.15,2039,29.8523,29.8523,13.5756,13.5756,31.1325,31.1325,38.905,38.905,0.278746,0.278746,0.00618617,0.00618617,0.0641021,0.0641021
S4_MAIZE_PRESSURE,twoway_nolag_p1.15,15,37.713536,27.320588,7.64022237,26.325661,11.53175541,228.79839,251.66994899999997,11020.5,0,0.7487197619047619,0.11685578021297105,0.9951009332746524,100.21265269390523,804006.0,1.15,2040,29.9081,29.9081,13.6329,13.6329,31.2181,31.2181,38.9339,38.9339,0.275827,0.275827,0.00607525,0.00607525,0.0641901,0.0641901
S4_MAIZE_PRESSURE,twoway_nolag_p1.15,16,38.558705,28.161219,7.107934199000001,25.172106,10.645988305,223.90642,257.4476605,11020.5,0,0.7555859653679654,0.11673746048313269,0.9951502710809165,100.21207062895809,810513.0,1.15,2041,29.8455,29.8455,13.4451,13.4451,31.2074,31.2074,38.904,38.904,0.276502,0.276502,0.00589363,0.00589363,0.0641192,0.0641192
S4_MAIZE_PRESSURE,twoway_nolag_p1.15,17,38.338312,28.98464,6.676779722,25.000242,9.03271273,220.00193000000002,262.96538200000003,11020.5,0,0.7627487748917748,0.11728675185389038,0.9953453210645303,100.2152031725741,816607.0,1.15,2042,29.8508,29.8508,13.4149,13.4149,31.2406,31.2406,38.9072,38.9072,0.275779,0.275779,0.00579382,0.00579382,0.0641381,0.0641381
S4_MAIZE_PRESSURE,oneway_p1.2,0,4.16666,28.888351,58.2235419,7.7214279999999995,90.4608,386.83923599999997,14.700000000000001,11020.5,0,0.6350316017316017,0.16675684145156247,0.986836239790076,100.0,701203.0,1.2,2025,29.7797,29.7797,15.1922,15.1922,29.7551,29.7551,38.9184,38.9184,0.241031,0.241031,0.00891325,0.00891325,0.0630949,0.0630949
S4_MAIZE_PRESSURE,oneway_p1.2,1,4.749993,29.708277,48.947882899999996,15.593798,85.6843433,366.77872,39.53712,11020.5,0,0.6350642034632035,0.1497578693158225,0.9879961919141292,100.02765527734465,712839.0,1.2,2026,29.813,29.9791,15.2522,15.594,29.785,29.9257,38.9345,39.0165,0.239947,0.23454,0.00892423,0.00897904,0.0631278,0.0633354
S4_MAIZE_PRESSURE,oneway_p1.2,2,12.494396,23.108538,42.706589799999996,20.690427,80.42215159999999,349.15103,62.42700000000001,11020.5,0,0.6350840476190477,0.135496742080527,0.9883199297374535,100.05028636703712,721266.0,1.2,2027,29.8466,30.0144,15.3021,15.586,29.8274,30.0268,38.9488,39.0213,0.241176,0.247308,0.00892728,0.00894247,0.0631776,0.0634917
S4_MAIZE_PRESSURE,oneway_p1.2,3,21.160255,16.865887,35.511709,25.462134,75.3743224,332.98681999999997,83.638975,11020.5,0,0.6350939653679654,0.12352787643766407,0.9886279735404121,100.07172496662218,729119.0,1.2,2028,29.8717,29.9971,15.3245,15.4523,29.8747,30.097,38.9573,39.0003,0.244088,0.258623,0.00892788,0.00893088,0.063232,0.0635745
S4_MAIZE_PRESSURE,oneway_p1.2,4,27.62697,13.432389,29.224186200000002,28.716447,70.0241676,318.92273,103.052957642,11020.5,0,0.6350962380952381,0.1134776950585426,0.98907330444241,100.09049898694975,736765.0,1.2,2029,29.8877,29.9676,15.3164,15.2703,29.9264,30.1693,38.9605,38.977,0.247623,0.265259,0.00891543,0.00885329,0.0632854,0.0636221
S4_MAIZE_PRESSURE,oneway_p1.2,5,30.663488,13.024399,24.13125629,31.180813999999998,64.72054625999999,306.182329,121.09712119999999,11020.5,0,0.6350928744588745,0.10503313940548063,0.9897071617770277,100.10743965419742,743410.0,1.2,2030,29.9032,29.9805,15.2967,15.1847,29.9857,30.2645,38.9636,38.9794,0.250473,0.264697,0.00888315,0.00872208,0.0633409,0.0636909
S4_MAIZE_PRESSURE,oneway_p1.2,6,35.53241,11.932262,20.00596073,31.529301,58.64320987,295.566072,137.790706,11020.5,0,0.6350851948051948,0.09793208376359236,0.9901665089462218,100.12144651675294,749946.0,1.2,2031,29.9029,29.9012,15.229,14.8432,30.0467,30.3333,38.9588,38.9344,0.253819,0.270518,0.00881506,0.00847524,0.0633876,0.0636821
S4_MAIZE_PRESSURE,oneway_p1.2,7,41.860624,10.210775,16.66452346,30.264034999999996,53.23254128,285.60185,153.1656155,11020.5,0,0.635074632034632,0.09195526331669256,0.9903752582281204,100.13047950506639,757079.0,1.2,2032,29.8755,29.7389,15.0911,14.3054,30.1004,30.3525,38.9406,38.8479,0.258282,0.280553,0.00870652,0.00816483,0.0634139,0.0635794
S4_MAIZE_PRESSURE,oneway_p1.2,8,45.885456,10.249895,13.957971480000001,28.906738999999998,47.0479471,277.514502,167.4375408,11020.5,0,0.6350618831168832,0.08691939267785,0.9907943526583978,100.14099520482655,764162.0,1.2,2033,29.8346,29.6303,14.9098,13.8775,30.1554,30.414,38.9158,38.79,0.263013,0.286623,0.00856206,0.00784113,0.0634308,0.063537
S4_MAIZE_PRESSURE,oneway_p1.2,9,48.978018,9.281583,11.765610520000001,28.974766,40.70608394,247.10350499999998,204.190394,11020.5,0,0.6350478181818182,0.08267156869718734,0.9912629967871971,100.15495331040307,772740.0,1.2,2034,29.7971,29.6099,14.7257,13.6772,30.2181,30.513,38.893,38.7775,0.267715,0.291181,0.00836657,0.00739101,0.0634522,0.0635872
S4_MAIZE_PRESSURE,oneway_p1.2,10,51.220575000000004,9.057247,9.98982345,28.732398,34.57974619,246.07881,211.341459,11020.5,0,0.6350330086580086,0.07908411535672921,0.991750407427443,100.16776112640594,779059.0,1.2,2035,29.7631,29.5936,14.5412,13.4905,30.2877,30.6147,38.8719,38.7646,0.272324,0.295327,0.00818706,0.00729121,0.0634806,0.06366
S4_MAIZE_PRESSURE,oneway_p1.2,11,53.679484,9.078039,8.551431730000001,27.691046,28.325415579999998,242.72984,220.9447115,11020.5,0,0.6350178441558442,0.07605066137328946,0.992201151310249,100.179104105666,785240.0,1.2,2036,29.7273,29.5488,14.3445,13.2239,30.3614,30.7074,38.8498,38.7381,0.277086,0.300853,0.00800536,0.00709856,0.0635107,0.0637004
S4_MAIZE_PRESSURE,oneway_p1.2,12,54.908752,8.844879,7.386336320000001,27.860082,22.664598023,239.5388,229.7965559,11020.5,0,0.6350025930735931,0.07348237812865334,0.9926831428911621,100.19178487631952,790906.0,1.2,2037,29.7016,29.573,14.1664,13.1519,30.4416,30.8189,38.8328,38.7461,0.281583,0.304021,0.00784063,0.00701853,0.063552,0.0638121
S4_MAIZE_PRESSURE,oneway_p1.2,13,57.951856,7.858519,6.44261176,26.746973,17.781738095,236.36981,237.848459,11020.5,0,0.6349877272727272,0.07130518258882233,0.9929228604323668,100.19998219871704,797369.0,1.2,2038,29.6698,29.5113,13.9742,12.8798,30.5181,30.8772,38.8127,38.7108,0.286575,0.311486,0.00768204,0.0068906,0.0635892,0.0638234
S4_MAIZE_PRESSURE,oneway_p1.2,14,59.344401,7.869567,5.67818679,26.107874,14.631969582,232.45996,244.9082365,11020.5,0,0.6349732337662338,0.06945730018305514,0.9931400287615568,100.20544080159934,803484.0,1.2,2039,29.6383,29.481,13.7877,12.7256,30.5886,30.92,38.7931,38.6939,0.291161,0.314047,0.00752908,0.00676572,0.0636225,0.0638326
S4_MAIZE_PRESSURE,oneway_p1.2,15,60.364784,7.628515,5.05900645,25.947713999999998,11.53175541,228.79839,251.66994899999997,11020.5,0,0.6349592597402598,0.06788697202429861,0.9933724716784748,100.21183126224187,809596.0,1.2,2040,29.6116,29.4787,13.6173,12.6464,30.6562,30.9738,38.7763,38.6907,0.295354,0.316283,0.00738902,0.00669005,0.0636572,0.0638757
S4_MAIZE_PRESSURE,oneway_p1.2,16,62.036296,7.635763,4.5574740490000005,24.77046,10.645988305,223.90642,257.4476605,11020.5,0,0.6349459393939394,0.06655090165910443,0.9933479948376569,100.21119767390012,816345.0,1.2,2041,29.5769,29.4033,13.44,12.4304,30.7087,30.9557,38.756,38.6531,0.29918,0.318271,0.00724757,0.00654169,0.0636765,0.0637985
S4_MAIZE_PRESSURE,oneway_p1.2,17,62.627736,7.641635,4.151231412,24.579401999999998,9.03271273,220.00193000000002,262.96538200000003,11020.5,0,0.6349333896103896,0.06541281223965013,0.9934709830812788,100.21428858563416,822663.0,1.2,2042,29.5466,29.3953,13.2803,12.3707,30.7564,30.9806,38.7383,38.6484,0.30247,0.318887,0.00711708,0.00646585,0.0636948,0.0638097
S4_MAIZE_PRESSURE,twoway_p1.2,0,4.16666,28.888351,58.2235419,7.7214279999999995,90.4608,386.83923599999997,14.700000000000001,11020.5,0,0.6350316017316017,0.16675684145156247,0.986836239790076,100.0,701203.0,1.2,2025,29.7797,29.7797,15.1922,15.1922,29.7551,29.7551,38.9184,38.9184,0.241031,0.241031,0.00891325,0.00891325,0.0630949,0.0630949
S4_MAIZE_PRESSURE,twoway_p1.2,1,4.749993,29.708277,48.947882899999996,15.593798,85.6843433,366.77872,39.53712,11020.5,0,0.6350642034632035,0.1497578693158225,0.9879961919141292,100.02765527734465,712839.0,1.2,2026,29.813,29.9791,15.2522,15.594,29.785,29.9257,38.9345,39.0165,0.239947,0.23454,0.00892423,0.00897904,0.0631278,0.0633354
S4_MAIZE_PRESSURE,twoway_p1.2,2,12.494396,23.108538,42.706589799999996,20.690427,80.42215159999999,349.15103,62.42700000000001,11020.5,0,0.6350840476190477,0.135496742080527,0.9883199297374535,100.05028636703712,721266.0,1.2,2027,29.8466,30.0144,15.3021,15.586,29.8274,30.0268,38.9488,39.0213,0.241176,0.247308,0.00892728,0.00894247,0.0631776,0.0634917
S4_MAIZE_PRESSURE,twoway_p1.2,3,21.160255,16.865887,35.511709,25.462134,75.3743224,332.98681999999997,83.638975,11020.5,0,0.6350939653679654,0.12352787643766407,0.9886279735404121,100.07172496662218,729119.0,1.2,2028,29.8717,29.9971,15.3245,15.4523,29.8747,30.097,38.9573,39.0003,0.244088,0.258623,0.00892788,0.00893088,0.063232,0.0635745
S4_MAIZE_PRESSURE,twoway_p1.2,4,27.62697,13.432389,29.224186200000002,28.716447,70.0241676,318.92273,103.052957642,11020.5,0,0.6350962380952381,0.1134776950585426,0.98907330444241,100.09049898694975,736765.0,1.2,2029,29.8877,29.9676,15.3164,15.2703,29.9264,30.1693,38.9605,38.977,0.247623,0.265259,0.00891543,0.00885329,0.0632854,0.0636221
S4_MAIZE_PRESSURE,twoway_p1.2,5,30.663488,13.024399,24.13125629,31.180813999999998,64.72054625999999,306.182329,121.09712119999999,11020.5,0,0.6350928744588745,0.10503313940548063,0.9897071617770277,100.10743965419742,743410.0,1.2,2030,29.9032,29.9805,15.2967,15.1847,29.9857,30.2645,38.9636,38.9794,0.250473,0.264697,0.00888315,0.00872208,0.0633409,0.0636909
S4_MAIZE_PRESSURE,twoway_p1.2,6,35.53241,11.932262,20.00596073,31.529301,58.64320987,295.566072,137.790706,11020.5,0,0.6350851948051948,0.09793208376359236,0.9901665089462218,100.12144651675294,749946.0,1.2,2031,29.9029,29.9012,15.229,14.8432,30.0467,30.3333,38.9588,38.9344,0.253819,0.270518,0.00881506,0.00847524,0.0633876,0.0636821
S4_MAIZE_PRESSURE,twoway_p1.2,7,41.860624,10.210775,16.66452346,30.264034999999996,53.23254128,285.60185,153.1656155,11020.5,0,0.635074632034632,0.09195526331669256,0.9903752582281204,100.13047950506639,757079.0,1.2,2032,29.8755,29.7389,15.0911,14.3054,30.1004,30.3525,38.9406,38.8479,0.258282,0.280553,0.00870652,0.00816483,0.0634139,0.0635794
S4_MAIZE_PRESSURE,twoway_p1.2,8,45.885456,10.249895,13.957971480000001,28.906738999999998,47.0479471,277.514502,167.4375408,11020.5,0,0.6377055497835498,0.08612403741114573,0.9907943526583978,100.14099520482655,764162.0,1.2,2033,29.8346,29.6303,14.9098,13.8775,30.1554,30.414,38.9158,38.79,0.263013,0.286623,0.00856206,0.00784113,0.0634308,0.063537
S4_MAIZE_PRESSURE,twoway_p1.2,9,47.261789,10.997812,11.765610520000001,28.974766,40.70608394,247.10350499999998,204.190394,11020.5,0,0.6448104588744589,0.08070592135604204,0.9914108010334911,100.15495331040307,772567.0,1.2,2034,29.8016,29.6372,14.7349,13.7383,30.2209,30.529,38.8957,38.7936,0.267008,0.286946,0.00835637,0.0073299,0.0634541,0.0636016
S4_MAIZE_PRESSURE,twoway_p1.2,10,48.747930000000004,11.529892,9.98982345,28.732398,34.57974619,246.07881,211.341459,11020.5,0,0.6555320909090908,0.07765864554824108,0.9919633553659105,100.16776112640594,778805.0,1.2,2035,29.7735,29.633,14.5621,13.5784,30.2941,30.638,38.8779,38.7878,0.270721,0.289253,0.00816334,0.0072,0.0634852,0.063681
S4_MAIZE_PRESSURE,twoway_p1.2,11,50.118301,12.639216,8.551431730000001,27.691046,28.325415579999998,242.72984,220.9447115,11020.5,0,0.6687695281385281,0.07846771747594723,0.9925078457911444,100.179104105666,784750.0,1.2,2036,29.7454,29.6055,14.3812,13.3504,30.3725,30.7409,38.8604,38.7716,0.274308,0.292208,0.00796314,0.00696408,0.0635188,0.0637308
S4_MAIZE_PRESSURE,twoway_p1.2,12,49.361306,14.392319,7.386336320000001,27.860082,22.664598023,239.5388,229.7965559,11020.5,0,0.6835916060606061,0.08319649788106809,0.9931608973550484,100.19178487631952,790213.0,1.2,2037,29.7315,29.6617,14.227,13.3491,30.4601,30.8717,38.8502,38.7983,0.27705,0.290734,0.00777048,0.00680899,0.0635656,0.06386
S4_MAIZE_PRESSURE,twoway_p1.2,13,51.036226,15.162779,5.98294176,26.818013999999998,17.781738095,236.36981,237.848459,11020.5,0,0.6984034285714286,0.09000676586052879,0.993558032462466,100.20013665586131,796470.0,1.2,2038,29.7121,29.6155,14.06,13.1086,30.5443,30.9403,38.8375,38.7732,0.279757,0.293264,0.00757677,0.00661006,0.0636072,0.0638699
S4_MAIZE_PRESSURE,twoway_p1.2,14,52.249818,15.667576,4.84617679,26.236458,14.631969582,232.45996,244.9082365,11020.5,0,0.7127964935064935,0.0974060679786416,0.9938226789675569,100.20572032236564,802309.0,1.2,2039,29.6906,29.5831,13.8938,12.9472,30.6212,30.9827,38.8241,38.7559,0.282151,0.294097,0.00739148,0.00646677,0.0636432,0.0638701
S4_MAIZE_PRESSURE,twoway_p1.2,15,53.268474,15.683235,3.92539645,26.122909,11.53175541,228.79839,251.66994899999997,11020.5,0,0.7262535367965368,0.10415672383304078,0.9940812448679598,100.21221203433291,808295.0,1.2,2040,29.6716,29.5769,13.739,12.8573,30.6938,31.0348,38.812,38.751,0.284328,0.295193,0.00722268,0.00638032,0.063679,0.0639047
S4_MAIZE_PRESSURE,twoway_p1.2,16,54.891084,15.945919,3.179574049,24.983408999999998,10.645988305,223.90642,257.4476605,11020.5,0,0.7383740346320347,0.10948524541590708,0.9940820181691103,100.21166050945136,814987.0,1.2,2041,29.6428,29.4988,13.5739,12.6338,30.7502,31.0155,38.7956,38.7124,0.286306,0.29618,0.00705554,0.00622142,0.0636984,0.0638205
S4_MAIZE_PRESSURE,twoway_p1.2,17,55.64542,15.956195,2.575458412,24.822931,9.03271273,220.00193000000002,262.96538200000003,11020.5,0,0.7492854112554114,0.11340804287784131,0.9942080186906764,100.21481783600848,821280.0,1.2,2042,29.6165,29.4855,13.4227,12.5613,30.8007,31.0377,38.7807,38.7051,0.287998,0.29644,0.00690378,0.0061464,0.0637157,0.0638247
S4_MAIZE_PRESSURE,twoway_nolag_p1.2,0,4.16666,28.888351,58.2235419,7.7214279999999995,90.4608,386.83923599999997,14.700000000000001,11020.5,0,0.6350316017316017,0.16675684145156247,0.986836239790076,100.0,701203.0,1.2,2025,29.7797,29.7797,15.1922,15.1922,29.7551,29.7551,38.9184,38.9184,0.241031,0.241031,0.00891325,0.00891325,0.0630949,0.0630949
S4_MAIZE_PRESSURE,twoway_nolag_p1.2,1,4.749993,29.708277,48.947882899999996,15.593798,85.6843433,366.77872,39.53712,11020.5,0,0.6350642034632035,0.1497578693158225,0.9879961919141292,100.02765527734465,712839.0,1.2,2026,29.9791,29.9791,15.594,15.594,29.9257,29.9257,39.0165,39.0165,0.23454,0.23454,0.00897904,0.00897904,0.0633354,0.0633354
S4_MAIZE_PRESSURE,twoway_nolag_p1.2,2,12.494396,23.108538,42.706589799999996,20.690427,80.42215159999999,349.15103,62.42700000000001,11020.5,0,0.6350840476190477,0.135496742080527,0.9883199297374535,100.05028636703712,721266.0,1.2,2027,30.0144,30.0144,15.586,15.586,30.0268,30.0268,39.0213,39.0213,0.247308,0.247308,0.00894247,0.00894247,0.0634917,0.0634917
S4_MAIZE_PRESSURE,twoway_nolag_p1.2,3,21.160255,16.865887,35.511709,25.462134,75.3743224,332.98681999999997,83.638975,11020.5,0,0.6350939653679654,0.12352787643766407,0.9886279735404121,100.07172496662218,729119.0,1.2,2028,29.9971,29.9971,15.4523,15.4523,30.097,30.097,39.0003,39.0003,0.258623,0.258623,0.00893088,0.00893088,0.0635745,0.0635745
S4_MAIZE_PRESSURE,twoway_nolag_p1.2,4,27.62697,13.432389,29.224186200000002,28.716447,70.0241676,318.92273,103.052957642,11020.5,0,0.6350962380952381,0.1134776950585426,0.98907330444241,100.09049898694975,736765.0,1.2,2029,29.9676,29.9676,15.2703,15.2703,30.1693,30.1693,38.977,38.977,0.265259,0.265259,0.00885329,0.00885329,0.0636221,0.0636221
S4_MAIZE_PRESSURE,twoway_nolag_p1.2,5,30.663488,13.024399,24.13125629,31.180813999999998,64.72054625999999,306.182329,121.09712119999999,11020.5,0,0.6350928744588745,0.10503313940548063,0.9897071617770277,100.10743965419742,743410.0,1.2,2030,29.9805,29.9805,15.1847,15.1847,30.2645,30.2645,38.9794,38.9794,0.264697,0.264697,0.00872208,0.00872208,0.0636909,0.0636909
S4_MAIZE_PRESSURE,twoway_nolag_p1.2,6,35.53241,11.932262,20.00596073,31.529301,58.64320987,295.566072,137.790706,11020.5,0,0.635282645021645,0.09785827869417327,0.9901665089462218,100.12144651675294,749946.0,1.2,2031,29.9012,29.9012,14.8432,14.8432,30.3333,30.3333,38.9344,38.9344,0.270518,0.270518,0.00847524,0.00847524,0.0636821,0.0636821
S4_MAIZE_PRESSURE,twoway_nolag_p1.2,7,40.995427,11.075969,16.66452346,30.264034999999996,53.23254128,285.60185,153.1656155,11020.5,0,0.6443651082251083,0.08961491082787641,0.9904497703044252,100.13047950506639,756995.0,1.2,2032,29.7526,29.7526,14.3363,14.3363,30.3605,30.3605,38.856,38.856,0.27836,0.27836,0.00813736,0.00813736,0.0635865,0.0635865
S4_MAIZE_PRESSURE,twoway_nolag_p1.2,8,43.593809,12.541536,13.957971480000001,28.906738999999998,47.0479471,277.514502,167.4375408,11020.5,0,0.6650272337662338,0.08658668836181953,0.9909917127699949,100.14099520482655,763854.0,1.2,2033,29.6667,29.6667,13.9592,13.9592,30.4352,30.4352,38.8115,38.8115,0.280908,0.280908,0.00776499,0.00776499,0.063556,0.063556
S4_MAIZE_PRESSURE,twoway_nolag_p1.2,9,43.71222,14.547375,11.765610520000001,28.974766,40.70608394,247.10350499999998,204.190394,11020.5,0,0.6892785454545455,0.09447205319677471,0.9917164952988649,100.15495331040307,772065.0,1.2,2034,29.6938,29.6938,13.8648,13.8648,30.5622,30.5622,38.827,38.827,0.278452,0.278452,0.00721393,0.00721393,0.0636317,0.0636317
S4_MAIZE_PRESSURE,twoway_nolag_p1.2,10,45.107936,15.558516000000001,9.53015345,28.803439,34.57974619,246.07881,211.341459,11020.5,0,0.7084546406926406,0.10384214871259458,0.9923164246495498,100.1679157326509,778227.0,1.2,2035,29.6851,29.6851,13.6916,13.6916,30.6697,30.6697,38.8195,38.8195,0.279031,0.279031,0.00706824,0.00706824,0.0636992,0.0636992
S4_MAIZE_PRESSURE,twoway_nolag_p1.2,11,47.866047,15.594902,7.71942173,27.81963,28.325415579999998,242.72984,220.9447115,11020.5,0,0.7248856190476191,0.11200138134995352,0.992773467291683,100.17938384694378,784388.0,1.2,2036,29.6305,29.6305,13.4006,13.4006,30.7575,30.7575,38.7881,38.7881,0.283967,0.283967,0.00686923,0.00686923,0.0637266,0.0637266
S4_MAIZE_PRESSURE,twoway_nolag_p1.2,12,48.837669,15.874372,6.252726320000001,28.035277,22.664598023,239.5388,229.7965559,11020.5,0,0.7401612034632035,0.11919262325152573,0.9933036219821069,100.19216587700932,789972.0,1.2,2037,29.6551,29.6551,13.327,13.327,30.8702,30.8702,38.7969,38.7969,0.285439,0.285439,0.00676863,0.00676863,0.0638324,0.0638324
S4_MAIZE_PRESSURE,twoway_nolag_p1.2,13,50.100098,16.875221,5.06471176,26.959922,17.781738095,236.36981,237.848459,11020.5,0,0.7515784069264069,0.1222674213153416,0.9937177325834559,100.20044518970109,796188.0,1.2,2038,29.6184,29.6184,13.109,13.109,30.944,30.944,38.7769,38.7769,0.287785,0.287785,0.00656058,0.00656058,0.0638521,0.0638521
S4_MAIZE_PRESSURE,twoway_nolag_p1.2,14,51.230613,17.315596,4.10241379,26.351402999999998,14.631969582,232.45996,244.9082365,11020.5,0,0.761773593073593,0.12411007121618245,0.9939745084428474,100.20597019217735,801946.0,1.2,2039,29.5896,29.5896,12.9568,12.9568,30.9882,30.9882,38.7613,38.7613,0.28906,0.28906,0.00641786,0.00641786,0.0638579,0.0638579
S4_MAIZE_PRESSURE,twoway_nolag_p1.2,15,52.126252,17.334798,3.32295345,26.216013999999998,11.53175541,228.79839,251.66994899999997,11020.5,0,0.7703921385281386,0.12438685025948833,0.994231498065303,100.21241438871573,807928.0,1.2,2040,29.5873,29.5873,12.8763,12.8763,31.0424,31.0424,38.7584,38.7584,0.290394,0.290394,0.00632922,0.00632922,0.0638977,0.0638977
S4_MAIZE_PRESSURE,twoway_nolag_p1.2,16,53.899218,17.350352,2.691595049,25.058823999999998,10.645988305,223.90642,257.4476605,11020.5,0,0.7774523419913419,0.12332993148461538,0.9942094646670117,100.21182441919336,814649.0,1.2,2041,29.5082,29.5082,12.6515,12.6515,31.0222,31.0222,38.719,38.719,0.292137,0.292137,0.00617725,0.00617725,0.0638154,0.0638154
S4_MAIZE_PRESSURE,twoway_nolag_p1.2,17,54.072839,17.862953,2.180192412,24.884018,9.03271273,220.00193000000002,262.96538200000003,11020.5,0,0.7844575887445887,0.12253551443014621,0.9943774926590541,100.21495059226035,820873.0,1.2,2042,29.5055,29.5055,12.6028,12.6028,31.0506,31.0506,38.7177,38.7177,0.29148,0.29148,0.00608275,0.00608275,0.0638273,0.0638273
S0_BASELINE,twoway_landscape,0,4.16666,28.888351,58.2235419,7.7214279999999995,90.4608,386.83923599999997,14.700000000000001,11020.5,0,0.6350316017316017,0.16675684145156247,0.986836239790076,100.0,701203.0,,2025,29.7797,29.7797,15.1922,15.1922,29.7551,29.7551,38.9184,38.9184,0.241031,0.241031,0.00891325,0.00891325,0.0630949,0.0630949
S0_BASELINE,twoway_landscape,1,4.749993,29.708277,48.947882899999996,15.593798,85.6843433,366.77872,39.53712,11020.5,0,0.6350642034632035,0.1497578693158225,0.9879961919141292,100.02765527734465,709773.0,,2026,29.813,29.9791,15.2522,15.594,29.785,29.9257,38.9345,39.0165,0.239947,0.23454,0.00892423,0.00897904,0.0631278,0.0633354
S0_BASELINE,twoway_landscape,2,4.666659999999999,30.220592,42.886558199999996,21.226141,80.42215159999999,349.15103,62.42700000000001,11020.5,0,0.6350840476190477,0.135496742080527,0.9889785670812251,100.05145633304076,716918.0,,2027,29.8712,30.1616,15.3548,15.9386,29.8402,30.0997,38.9626,39.1052,0.238355,0.230406,0.00893662,0.00899843,0.06319,0.0635821
S0_BASELINE,twoway_landscape,3,4.666659999999999,30.449307,38.0274444,25.856541,75.3743224,332.98681999999997,83.638975,11020.5,0,0.6350939653679654,0.12352787643766407,0.9898317679808588,100.07258577745766,723718.0,,2028,29.9464,30.3216,15.4855,16.23,29.914,30.2606,38.9988,39.1823,0.236459,0.226996,0.00894526,0.00898836,0.0632747,0.0638086
S0_BASELINE,twoway_landscape,4,4.416660299999999,31.6086382,34.1650148,28.809641,70.0241676,318.92273,103.052957642,11020.5,0,0.6350962380952381,0.1134776950585426,0.9906466998681127,100.09070227457313,730614.0,,2029,30.0281,30.436,15.6206,16.3901,30.0009,30.4096,39.0381,39.2378,0.234479,0.224601,0.00893254,0.0088691,0.063372,0.0639855
S0_BASELINE,twoway_landscape,5,5.4999899999999995,31.0206137,31.9758655,30.503484000000004,64.72054625999999,306.182329,121.09712119999999,11020.5,0,0.6350928744588745,0.10503313940548063,0.9911986907632039,100.10596288123732,737331.0,,2030,30.1081,30.5071,15.7439,16.4464,30.0949,30.5363,39.0762,39.2694,0.233378,0.227883,0.00889512,0.00870834,0.0634769,0.0641381
S0_BASELINE,twoway_landscape,6,5.4999899999999995,31.1297328,32.116745800000004,30.253484000000004,58.64320987,295.566072,137.790706,11020.5,0,0.6350851948051948,0.09793208376359236,0.9917099473656714,100.11866598408406,743448.0,,2031,30.1843,30.5651,15.8486,16.4446,30.1964,30.6735,39.1123,39.2954,0.233643,0.234963,0.0088236,0.00846666,0.0635887,0.064293
S0_BASELINE,twoway_landscape,7,5.4999899999999995,32.8266439,32.3126954,28.360627,53.23254128,285.60185,153.1656155,11020.5,0,0.635074632034632,0.09195526331669256,0.9921590468957939,100.12633222984743,750135.0,,2032,30.2446,30.5455,15.9085,16.2502,30.2966,30.7674,39.1409,39.2859,0.235115,0.242465,0.00870015,0.00808408,0.0636909,0.064335
S0_BASELINE,twoway_landscape,8,6.2499899999999995,33.454163699999995,32.6851774,26.610627,47.0479471,277.514502,167.4375408,11020.5,0,0.6350618831168832,0.08691939267785,0.9925950036700633,100.13599379127291,756829.0,,2033,30.2926,30.5319,15.9308,16.0575,30.3983,30.8765,39.1633,39.277,0.237958,0.252146,0.00854008,0.00774128,0.0637893,0.0644096
S0_BASELINE,twoway_landscape,9,5.9999899999999995,33.41384928,33.2254937,26.360627,40.70608394,247.10350499999998,204.190394,11020.5,0,0.6350478181818182,0.08267156869718734,0.993116172067956,100.1492614889041,765141.0,,2034,30.3449,30.6058,15.9545,16.0898,30.5079,31.023,39.188,39.3133,0.241664,0.260159,0.00832905,0.00727589,0.0638964,0.0645714
S0_BASELINE,twoway_landscape,10,5.7499899999999995,33.6058247,33.7835139,25.860627,34.57974619,246.07881,211.341459,11020.5,0,0.6350330086580086,0.07908411535672921,0.9936172544222159,100.16151070315212,771275.0,,2035,30.3983,30.6651,15.9747,16.0896,30.6229,31.1633,39.2128,39.3389,0.245841,0.266682,0.00813326,0.00715617,0.0640117,0.0647382
S0_BASELINE,twoway_landscape,11,5.7499899999999995,34.1986382,34.4407031,24.610627,28.325415579999998,242.72984,220.9447115,11020.5,0,0.6350178441558442,0.07605066137328946,0.9940992887120259,100.17240179091715,777210.0,,2036,30.4472,30.6913,15.9782,15.9982,30.7403,31.292,39.2352,39.3489,0.250671,0.274777,0.00793451,0.00694263,0.0641284,0.0648643
S0_BASELINE,twoway_landscape,12,5.4999899999999995,33.8569665,35.1752418,24.467769999999998,22.664598023,239.5388,229.7965559,11020.5,0,0.6350025930735931,0.07348237812865334,0.9945450777033744,100.18440667852818,782875.0,,2037,30.5002,30.7648,15.9887,16.0487,30.8611,31.4288,39.2593,39.3814,0.255726,0.280955,0.00775255,0.0068445,0.0642537,0.0650435
S0_BASELINE,twoway_landscape,13,5.4999899999999995,34.6021937,35.6800059,23.21777,17.781738095,236.36981,237.848459,11020.5,0,0.6349877272727272,0.07130518258882233,0.9949221259816459,100.19230811608013,788985.0,,2038,30.5458,30.7732,15.9821,15.9445,30.9775,31.5245,39.2798,39.3838,0.261052,0.287632,0.00756827,0.00664861,0.064373,0.0651251
S0_BASELINE,twoway_landscape,14,5.4999899999999995,34.5905126,36.4416874,22.46777,14.631969582,232.45996,244.9082365,11020.5,0,0.6349732337662338,0.06945730018305514,0.9951277917265038,100.19752683514396,794996.0,,2039,30.5865,30.7898,15.9711,15.9084,31.085,31.5901,39.298,39.3905,0.266336,0.292707,0.00739383,0.00652326,0.0644856,0.0651953
S0_BASELINE,twoway_landscape,15,5.4999899999999995,34.0186312,37.26356567,22.217769999999998,11.53175541,228.79839,251.66994899999997,11020.5,0,0.6349592597402598,0.06788697202429861,0.9953240054394166,100.20372350205862,801005.0,,2040,30.627,30.8289,15.9657,15.9345,31.1865,31.6638,39.316,39.4075,0.271496,0.297243,0.00723613,0.00644911,0.0645966,0.0652961
S0_BASELINE,twoway_landscape,16,6.166657,33.8016547,38.06388153,20.967769999999998,10.645988305,223.90642,257.4476605,11020.5,0,0.6349459393939394,0.06655090165910443,0.9952739502490116,100.20293160973051,807553.0,,2041,30.6542,30.7896,15.9425,15.8108,31.27,31.6622,39.3279,39.388,0.276586,0.301987,0.00707982,0.00629977,0.0646885,0.0652677
S0_BASELINE,twoway_landscape,17,6.166657,33.4801511,38.63537923,20.717769999999998,9.03271273,220.00193000000002,262.96538200000003,11020.5,0,0.6349333896103896,0.06541281223965013,0.9953636697202621,100.2058951575203,813749.0,,2042,30.6798,30.8078,15.924,15.8185,31.3453,31.6993,39.3391,39.396,0.281272,0.304661,0.00693861,0.00623388,0.0647745,0.0653167
S4_MAIZE_PRESSURE,twoway_landscape,0,4.16666,28.888351,58.2235419,7.7214279999999995,90.4608,386.83923599999997,14.700000000000001,11020.5,0,0.6350316017316017,0.16675684145156247,0.986836239790076,100.0,701203.0,,2025,29.7797,29.7797,15.1922,15.1922,29.7551,29.7551,38.9184,38.9184,0.241031,0.241031,0.00891325,0.00891325,0.0630949,0.0630949
S4_MAIZE_PRESSURE,twoway_landscape,1,4.749993,29.708277,48.947882899999996,15.593798,85.6843433,366.77872,39.53712,11020.5,0,0.6350642034632035,0.1497578693158225,0.9879961919141292,100.02765527734465,715138.0,,2026,29.813,29.9791,15.2522,15.594,29.785,29.9257,38.9345,39.0165,0.239947,0.23454,0.00892423,0.00897904,0.0631278,0.0633354
S4_MAIZE_PRESSURE,twoway_landscape,2,23.153506,14.447593,40.5671524,20.831734,80.42215159999999,349.15103,62.42700000000001,11020.5,0,0.6350840476190477,0.135496742080527,0.9875862026502265,100.05059497670767,726646.0,,2027,29.8132,29.8145,15.2302,15.1049,29.8102,29.9283,38.9303,38.9085,0.244668,0.268225,0.00893044,0.00896142,0.0631583,0.0633506
S4_MAIZE_PRESSURE,twoway_landscape,3,36.759126,3.547093,32.8593967,25.834388,75.3743224,332.98681999999997,83.638975,11020.5,0,0.6350939653679654,0.12352787643766407,0.9875129962892113,100.07253742813778,736009.0,,2028,29.7974,29.7182,15.165,14.7932,29.8351,29.9526,38.9156,38.8413,0.252677,0.292647,0.00897426,0.00919292,0.0631895,0.0633864
S4_MAIZE_PRESSURE,twoway_landscape,4,42.794859,0.5,26.616109,29.089018,70.0241676,318.92273,103.052957642,11020.5,0,0.6350962380952381,0.1134776950585426,0.9879916343705445,100.09131168284664,744108.0,,2029,29.7801,29.6938,15.0849,14.6286,29.8682,30.0234,38.9001,38.8212,0.260354,0.298668,0.00901289,0.0092057,0.0632227,0.0634316
S4_MAIZE_PRESSURE,twoway_landscape,5,46.39311,0.25,21.55905279,30.797795999999998,64.72054625999999,306.182329,121.09712119999999,11020.5,0,0.6350928744588745,0.10503313940548063,0.988574024926899,100.10660457353204,751332.0,,2030,29.7608,29.6645,14.9881,14.4372,29.9084,30.0973,38.8841,38.8029,0.266783,0.298865,0.00901891,0.00904892,0.0632537,0.0634489
S4_MAIZE_PRESSURE,twoway_landscape,6,50.428427,0.0,17.46281183,31.10873,58.55376287,295.655522,137.790706,11020.5,0,0.6357794545454545,0.09773229831061521,0.9891103645404252,100.12072488946751,758387.0,,2031,29.7336,29.5977,14.8592,14.1246,29.9547,30.1726,38.8645,38.7653,0.272677,0.302089,0.00898658,0.00882522,0.0632799,0.0634451
S4_MAIZE_PRESSURE,twoway_landscape,7,55.042031,0.0,14.144890460000001,29.813053999999998,53.14309228,285.6913,153.1656155,11020.5,0,0.6374262251082252,0.09133062693600119,0.9894647535704628,100.12969181630058,766058.0,,2032,29.6882,29.4621,14.6784,13.6487,29.9988,30.206,38.8365,38.6945,0.278428,0.307129,0.00890578,0.00850254,0.0632901,0.0633546
S4_MAIZE_PRESSURE,twoway_landscape,8,59.111545,0.0,11.45739178,28.431121,46.9585011,277.603952,167.4375408,11020.5,0,0.6406358268398268,0.08554407126162138,0.9898783587515039,100.14015410233917,773700.0,,2033,29.6322,29.3525,14.4605,13.2199,30.0457,30.266,38.8035,38.6359,0.284159,0.31276,0.00879016,0.00821319,0.0632929,0.0633104
S4_MAIZE_PRESSURE,twoway_landscape,9,61.240336,0.0,9.28046199,28.479193,40.61663794,247.192945,204.190394,11020.5,0,0.6456827402597403,0.08022273957655035,0.9904286753445332,100.15406909188891,782572.0,,2034,29.5845,29.3464,14.2503,13.0526,30.1031,30.3727,38.7753,38.6321,0.289137,0.31398,0.00861592,0.00774638,0.063303,0.0633667
S4_MAIZE_PRESSURE,twoway_landscape,10,63.262196,0.0,7.51717779,28.220661,34.49029919,246.16825,211.341459,11020.5,0,0.6521039264069264,0.0754065401835927,0.9909340160538823,100.1668420683527,789239.0,,2035,29.5425,29.333,14.0446,12.8733,30.1684,30.4753,38.7499,38.6209,0.293846,0.317344,0.00845582,0.00765685,0.0633217,0.0634398
S4_MAIZE_PRESSURE,twoway_landscape,11,65.74491,0.0,6.0889127,27.166217,28.23596658,242.81929,220.9447115,11020.5,0,0.6595483376623377,0.0710908263238459,0.9913818379009645,100.17815689827391,795811.0,,2036,29.5,29.2877,13.8298,12.6062,30.2383,30.5671,38.7242,38.5941,0.29865,0.322624,0.0082937,0.00748459,0.0633433,0.0634794
S4_MAIZE_PRESSURE,twoway_landscape,12,66.743359,0.0,4.93201938,27.324648,22.575148023,239.62825,229.7965559,11020.5,0,0.6679013333333333,0.06721451916071255,0.9918830016308934,100.19081496480207,801772.0,,2037,29.4691,29.3149,13.6374,12.5415,30.3158,30.6798,38.7044,38.604,0.303052,0.325023,0.00814556,0.00740629,0.0633773,0.0635917
S4_MAIZE_PRESSURE,twoway_landscape,13,68.802103,0.0,3.99493703,26.202949,17.692288095,236.45926,237.848459,11020.5,0,0.6766348354978355,0.06380652699650273,0.9922069217452356,100.1989938482843,808490.0,,2038,29.4357,29.2689,13.4384,12.305,30.3915,30.7472,38.6836,38.578,0.307517,0.3298,0.0079963,0.00725138,0.0634094,0.0636112
S4_MAIZE_PRESSURE,twoway_landscape,14,70.207262,0.0,3.23589361,25.556888999999998,14.542529582,232.5494,244.9082365,11020.5,0,0.685747025974026,0.0607842546660923,0.9924225394139009,100.2044374583407,814842.0,,2039,29.4027,29.2384,13.246,12.1505,30.4613,30.7896,38.6634,38.5609,0.311637,0.332196,0.00785277,0.00713653,0.0634382,0.0636201
S4_MAIZE_PRESSURE,twoway_landscape,15,70.987853,0.0,2.62107343,25.391095,11.44230541,228.88784,251.66994899999997,11020.5,0,0.695130896103896,0.05809817953510682,0.992675258925074,100.21081588717718,821169.0,,2040,29.3755,29.2397,13.0718,12.0796,30.5287,30.8453,38.6464,38.5598,0.315318,0.333688,0.00771986,0.00705653,0.0634692,0.0636647
S4_MAIZE_PRESSURE,twoway_landscape,16,72.667653,0.0,2.123071999,24.209277,10.556538305,223.99587,257.4476605,11020.5,0,0.7045255670995672,0.05573575755062645,0.9926497642179242,100.21017235954497,828239.0,,2041,29.3403,29.1646,12.8915,11.8643,30.5811,30.8274,38.6259,38.5223,0.318685,0.335492,0.00758586,0.00691714,0.0634855,0.0635879
S4_MAIZE_PRESSURE,twoway_landscape,17,73.265785,0.0,1.719689932,24.014523,8.94326573,220.09137,262.96538200000003,11020.5,0,0.7141167489177489,0.05360381486551755,0.9927719295053357,100.21325531175813,834800.0,,2042,29.3096,29.1563,12.7291,11.8044,30.6287,30.8521,38.6081,38.5175,0.321575,0.335997,0.00746231,0.00684575,0.063501,0.0635988
